id,name,path,desc
1,大量经验,sign/exp.png,太白金星亲自传授给你的经验，用起来感觉都不一样
2,大量精华石,summon_scene/essence_pic.png,太白金星从天宫里带出来的精华石，让你的手下更上一层楼
3,扫荡券,sign/saodang.png,天宫里也有妖界的宝物，太白金星一并带了出来，可以轻松扫荡关卡
4,人参果,sign/renshen.png,可以恢复100点精力的神仙水果，绝对是新鲜出炉的。
5,金刚盾,item/item1_big.png,场上所有神仙获得30秒免疫伤害效果
6,金钟罩,item/item4_big.png,给宝塔施加一个等同于宝塔最大血量的护盾
7,万字符,item/item5_big.png,所有神仙的召唤冷却时间减少为0
8,芭蕉扇,item/item2_big.png,所有妖怪被吹到刷新点
9,老君金丹,item/item3_big.png,立刻获得最大的灵气储量和最多的灵气
10,献宝令,item/item6_big.png,战斗结束后100％几率得到金色品质宝物
11,电影票,spin/special.png,小样儿运气真好，请稍后在信箱系统查收逗比管理员发来的奖品，介绍伙伴们都来游戏中摩擦摩擦吧
