npcId,name,icon,level,value,life,attackParam,attackFrequency,restrainType,runSpeed,attackDistance,hasBulletAnim,bulletAnimId,waitTime,isAreaDamage,haveSpecialEffect,effectId,backParam,isBoss,isElite,firTurnUp,manualPriority,standFrame,hurtFrame,soundFile,attackFrame,npcDesc,monsterType,zoomMultiple,upMove,backLength,sizeInBattle,attackTime,quality,morphId
1,蛤蟆精,monster_icon/monster1.png,1,30,250,18,1.5,0,40,120,0,0,1,0,0,0,0.3,-1,-1,12,550,monster/monster1.png,qingwa,sounds/sfx_attack_punch,0,听说亲戚青蛙上了餐桌，整日担惊受怕，所以当了战斗力5的小妖怪。,1,1.4,50,80,1,0.4,0,0
2,蟹将,monster_icon/monster2.png,1,20,100,27,1.2,0,48,110,0,0,0.8,0,0,0,0.3,-1,-1,3,200,monster/monster2.png,xiejiang,sounds/sfx_attack_punch,0,别过来！再靠近我一桨拍死自己了，活螃蟹一斤200，死螃蟹只能丢垃圾桶！,1,1.3,0,70,1,0.45,0,0
3,奔波灞和霸波奔,monster_icon/monster3.png,1,38,200,36,1,0,60,157,0,0,0.5,0,0,0,1,-1,-1,4,300,monster/monster3.png,benbo,sounds/sfx_attack_punch,0,机智呆逼两基友，爆笑喷饭两冤家。赶时髦的他们还有微信号：bb2b2bb,1,0.9,0,165,0.7,0.5,0,0
4,混世魔王,monster_icon/monster4.png,1,296,1000,180,1.6,0,36,140,0,0,0.5,1,0,0,1,-1,-1,10,500,monster/monster4.png,hunshimowang,sounds/sfx_attack_punch,0,到处混吃的，人送诨号“混食魔王”，不知怎么传成了混世魔王。在妖怪界也算是一朵耀眼的奇葩了。,2,1.1,0,140,0.85,0.65,1,0
5,钻风大王,monster_icon/monster5.png,1,302,1500,108,1.2,0,44,180,0,0,0.6,1,0,0,0.5,-1,-1,15,700,monster/monster5.png,zuanfengdawang,sounds/sfx_attack_punch,0,年前还是小钻风，只因砍柴有功就被破格提拔为钻风大王，不能不让人怀疑此妖有裙带关系。,1,1.1,0,128,0.85,0.5,1,0
6,泥马怪,monster_icon/monster6.png,1,93,800,180,1,0,80,110,0,0,0.25,0,0,0,0.5,-1,-1,27,1200,monster/monster6.png,caonima,sounds/sfx_attack_magic,0,来自马勒戈壁的神兽，因常年和河蟹发生战争，因此战斗经验丰富，不可小觑。,1,1.4,0,85,1,0.367,1,0
7,魑魅魍魉,monster_icon/monster7.png,1,44,250,54,1.5,0,72,130,0,0,0.2,0,0,0,1,-1,-1,13,600,monster/monster7.png,chimeiwangliang,sounds/sfx_attack_stab,0,你一个单挑我们四个还是我们四个单挑你一个！自己选！,2,1.3,0,75,1,0.275,0,0
8,伪·九尾狐狸,monster_icon/monster8.png,1,88,600,90,1.3,0,48,120,0,0,0.4,1,0,0,0.5,-1,-1,18,800,monster/monster8.png,jiuwei,sounds/sfx_attack_punch,0,看了岛国的水影忍者后，就自称是九尾狐狸隔壁邻居远方表叔他七舅老爷的第三十八代传人的弟子。,2,1.4,0,132,1,0.5,1,0
9,百眼魔君,monster_icon/monster9.png,1,329,1500,144,0.8,0,52,150,0,0,0.1,1,0,0,0.35,-1,-1,21,900,monster/monster9.png,baiyanmojun,sounds/sfx_attack_punch,0,儿时染病身上长了百眼，但是人残脑残志不残，经过艰苦修炼终于成妖，百眼变白眼。,2,1,0,170,0.8,0.3,2,0
10,黑熊精,monster_icon/monster10.png,1,200,2800,270,1.1,0,80,120,0,0,0.3,0,0,0,0.3,-1,-1,23,1000,monster/monster10.png,heixiong,sounds/sfx_attack_magic,0,食肉目熊科动物，平时还算温和，但是受到挑衅或遇到危险时，容易暴怒。,1,1.3,0,172,1,0.5,2,0
11,白骨精,monster_icon/monster11.png,1,363,5000,360,0.8,0,112,200,0,0,0.4,1,0,0,0.5,-1,-1,25,1100,monster/monster11.png,baijingjing,sounds/sfx_attack_magic,0,乐队“暗黑破坏猴”主唱，代表作《白骨之歌》、《我死之后》、《还想再活一万年》、《想你的骨头》等。,2,1,0,95,0.8,0.8,2,0
12,琵琶精,monster_icon/monster12.png,1,586,10000,1620,5,0,50,250,0,0,2,1,0,0,0.5,-1,-1,30,1300,monster/monster12.png,pibajing,sounds/attack_monster75,0,"其实是蝎子精，长久以来被人误会为""琵琶""、""枇杷""等，造成心理扭曲，于是整日将琵琶踩在脚下以正视听。",2,1,0,205,0.8,1.05,2,0
13,青牛精,monster_icon/monster13.png,1,413,4200,450,1.6,0,40,170,0,0,0.5,0,0,0,1,-1,-1,38,1400,monster/monster13.png,qingniujing,sounds/sfx_attack_punch,0,太上老君打网游时花了一个月工资买的高级坐骑，不知怎么跑了出来，专门顶人肺。,1,1.25,0,120,1,1,2,0
14,万圣龙王,monster_icon/monster14.png,1,1319,12000,1800,2,0,30,350,0,0,2,1,0,0,1,-1,-1,60,2460,monster/monster14.png,dawanshenglong,sounds/attack_monster14,0,明明只是个蛟，逢人就吹牛是条龙，生怕别人不知道自己厉害。,3,0.85,0,190,0.85,1.35,3,0
15,惨叫鸡,monster_icon/monster15.png,1,93,500,144,1.2,0,80,130,0,0,0.3,0,0,0,1,-1,-1,7,400,monster/monster15.png,jiji,sounds/sfx_attack_punch,0,从前励志做乐队主唱，声音难听始终未能出名。后来因为泡椒凤爪而出名，每年被吃掉的鸡爪可绕地球三圈。,1,1.15,0,118,1,0.25,1,0
16,牛魔王,monster_icon/monster16.png,1,4500,600000,4500,6,0,6,270,0,0,2,1,0,0,0.5,-1,-1,20,1800,monster/monster16.png,niumowang,sounds/sfx_attack_slash,0,自从结婚后没有过过顺心日子，总是奉劝年轻人不要结婚。只要黑脸出门，必然是被老婆臭骂无疑。,2,0.72,0,265,1,1.625,4,0
17,狮子精,monster_icon/monster17.png,1,1750,66000,900,2,0,24,280,0,0,0.2,1,0,0,1,-1,-1,50,2000,monster/monster17.png,shizi,sounds/attack_monster17,0,"成功妖士，汽车大亨，坐拥""宝狮集团""，宝狮3系，5系和7系等产品畅销海内外。",3,0.8,0,215,0.8,1.9,3,0
18,红孩儿,monster_icon/monster18.png,1,1400,24000,1800,4,0,20,250,0,0,0.2,1,0,0,1,-1,-1,1,250,monster/monster18.png,honghaier,sounds/attack_monster18,0,富二代，还没有断奶就已经拥有了豪华定制跑车，只是因为年龄太小没有驾照。,1,0.9,0,205,1,0.833,3,0
19,灵感大王,monster_icon/monster19.png,1,1676,38000,1170,1.6,0,70,150,0,0,0.1,1,0,0,0.5,-1,-1,45,1900,monster/monster19.png,dayuguai,sounds/sfx_attack_slash,0,本身一条屌丝小金鱼，因为跟对了老大做对了项目，从此当上总经理，迎娶白富美，走上了人生巅峰。,3,0.9,0,385,0.8,1.533,3,0
20,女儿国王,monster_icon/monster20.png,1,5152,1500,9000,1.2,0,144,350,0,0,0.1,1,0,0,0.5,-1,-1,17,650,monster/monster20.png,nverwang,sounds/attack_monster20,0,高龄恨嫁女，嘴上说不急，身体却很诚实，天天穿着嫁衣拿着绣球，生怕单身优质男不知道她待嫁。,3,0.8,0,105,1,1.125,3,0
21,黄眉怪,monster_icon/monster21.png,1,500,20000,1300,2.2,0,76,261,0,0,0.5,1,0,0,1,-1,-1,35,1500,monster/monster21.png,jinluowang,sounds/attack_monster21,0,金锣王集团董事长。公司不卖火腿肠，只卖锣鼓，纯手工打造，志在成为世界顶尖的锣鼓公司。,3,0.65,0,295,0.65,2.188,3,0
22,奎木狼,monster_icon/monster22.png,1,2500,72000,8000,5,0,40,150,0,0,0.1,1,0,0,1,-1,-1,5,340,monster/monster22.png,langren,sounds/attack_monster22,0,"众兄弟原本打算成立公司""八匹狼""，奈何他一心想要当刀客，公司只能缩水成""七匹狼""。",3,1,0,235,1,1.55,3,0
23,金角银角,monster_icon/monster23.png,1,3072,1000,14400,0.6,0,60,320,0,0,0.5,1,0,0,0.5,-1,73,55,2300,monster/monster23.png,jinjiaoyinjiao,sounds/attack_monster23,0,有一次，俩兄弟挖开了一座七彩大山，发现了被压死的蝎子精和蛇精，还挖到了这个宝葫芦,3,0.9,0,300,1,0.6,3,0
24,铁扇公主,monster_icon/monster24.png,1,5000,4000000,8100,5,0,20,400,0,0,0.8,1,0,0,0.5,-1,-1,40,2400,monster/monster24.png,tieshan,sounds/attack_monster24,0,一家之主，爱好是溺爱儿子红孩儿和虐待老公牛魔王。,2,0.9,0,170,1,2,4,0
25,金翅大鹏,monster_icon/monster25.png,1,10000,1000000,3600,6,0,30,400,0,0,1,1,0,0,0.5,70,-1,70,2600,monster/monster25.png,dapeng,sounds/attack_monster25,0,总有那么一只妖，他高、富、帅、战斗力强、温柔、体贴、无所不能。他就是：别人家的大鹏。,3,0.7,0,170,1,4.357,4,0
26,蛤蟆精,monster_icon/monster1.png,1,12,180,28.8,1.5,0,40,120,0,0,1,0,0,0,0.3,-1,-1,,-1,monster/monster1.png,qingwa,sounds/sfx_attack_punch,0,听说亲戚青蛙上了餐桌，整日担惊受怕，所以当了战斗力5的小妖怪。,1,108,0,80,1,0.4,0,0
27,蟹将,monster_icon/monster2.png,1,20,200,54,1.2,0,48,110,0,0,0.8,0,0,0,0.3,-1,-1,,-1,monster/monster2.png,xiejiang,sounds/sfx_attack_punch,0,别过来！再靠近我一桨拍死自己了，活螃蟹一斤200，死螃蟹只能丢垃圾桶！,1,211,0,70,1,0.45,0,0
28,奔波灞和霸波奔,monster_icon/monster3.png,1,38,400,72,1,0,60,157,0,0,0.5,0,0,0,1,-1,-1,,-1,monster/monster3.png,benbo,sounds/sfx_attack_punch,0,机智呆逼两基友，爆笑喷饭两冤家。赶时髦的他们还有微信号：bb2b2bb,1,151,0,165,0.7,0.5,0,0
29,混世魔王,monster_icon/monster4.png,1,236,2000,360,1.4,0,36,140,0,0,0.5,1,0,0,1,-1,-1,,-1,monster/monster4.png,hunshimowang,sounds/sfx_attack_punch,0,到处混吃的，人送诨号“混食魔王”，不知怎么传成了混世魔王。在妖怪界也算是一朵耀眼的奇葩了。,2,270,0,140,0.85,0.65,1,0
30,钻风大王,monster_icon/monster5.png,1,246,3000,216,1.2,0,44,180,0,0,0.6,1,0,0,0.5,-1,-1,,-1,monster/monster5.png,zuanfengdawang,sounds/sfx_attack_punch,0,年前还是小钻风，只因砍柴有功就被破格提拔为钻风大王，不能不让人怀疑此妖有裙带关系。,1,283,0,128,0.85,0.5,1,0
31,草泥马怪,monster_icon/monster6.png,1,93,1600,360,1,0,80,110,0,0,0.25,0,0,0,0.5,-1,-1,,-1,monster/monster6.png,caonima,sounds/sfx_attack_magic,0,来自马勒戈壁的神兽，因常年和河蟹发生战争，因此战斗经验丰富，不可小觑。,1,104,0,85,1,0.367,1,0
32,魑魅魍魉,monster_icon/monster7.png,1,44,500,108,1.5,0,72,130,0,0,0.2,0,0,0,1,-1,-1,,-1,monster/monster7.png,chimeiwangliang,sounds/sfx_attack_stab,0,你一个单挑我们四个还是我们四个单挑你一个！自己选！,2,253,0,75,1,0.275,0,0
33,伪·九尾狐狸,monster_icon/monster8.png,1,88,1200,180,1.3,0,48,120,0,0,0.4,1,0,0,0.5,-1,-1,,-1,monster/monster8.png,jiuwei,sounds/sfx_attack_punch,0,看了岛国的水影忍者后，封妖兽九尾狐狸为偶像，自封为九尾狐狸隔壁邻居远方表叔他七舅老爷的第三十八代传人的弟子。,2,176,0,132,1,0.5,1,0
34,百眼魔君,monster_icon/monster9.png,1,329,3000,288,0.8,0,52,180,0,0,0.1,1,0,0,0.35,-1,-1,,-1,monster/monster9.png,baiyanmojun,sounds/sfx_attack_punch,0,儿时染病身上长了百眼，但是人残脑残志不残，经过艰苦修炼终于成妖，百眼变白眼。,2,224,0,170,0.8,0.3,2,0
35,黑熊精,monster_icon/monster10.png,1,210,5600,540,1.1,0,80,120,0,0,0.3,0,0,0,0.3,-1,-1,,-1,monster/monster10.png,heixiong,sounds/sfx_attack_magic,0,食肉目熊科动物，平时还算温和，但是受到挑衅或遇到危险时，容易暴怒。,1,231,0,172,1,0.5,2,0
36,白骨精,monster_icon/monster11.png,1,383,10000,720,0.8,0,112,200,0,0,0.4,1,0,0,0.5,-1,-1,,-1,monster/monster11.png,baijingjing,sounds/sfx_attack_magic,0,乐队“暗黑破坏猴”主唱，代表作《白骨之歌》、《我死之后》、《还想再活一万年》、《想你的骨头》等。,2,224,0,95,0.8,0.8,2,0
37,琵琶精,monster_icon/monster12.png,1,586,20000,3240,3,0,60,250,0,0,2,1,0,0,0.5,-1,61,,-1,monster/monster12.png,pibajing,sounds/attack_monster75,0,"其实是蝎子精，长久以来被人误会为""琵琶""、""枇杷""等，造成心理扭曲，于是整日将琵琶踩在脚下以正视听。",2,306,0,205,0.8,1.05,2,0
38,青牛精,monster_icon/monster13.png,1,412,8400,900,1.6,0,40,170,0,0,0.5,0,0,0,1,-1,-1,,-1,monster/monster13.png,qingniujing,sounds/sfx_attack_punch,0,太上老君打网游时花了一个月工资买的高级坐骑，不知怎么跑了出来，专门顶人肺。,1,100,0,120,1,1,2,0
39,万圣龙王,monster_icon/monster14.png,1,1419,24000,3600,2,0,30,350,0,0,2,1,0,0,1,-1,-1,,-1,monster/monster14.png,dawanshenglong,sounds/attack_monster14,0,明明只是个蛟，逢人就吹牛是条龙，生怕别人不知道自己厉害。,3,100,0,190,1,1.35,3,0
40,惨叫鸡,monster_icon/monster15.png,1,113,1000,288,1.2,0,80,130,0,0,0.3,0,0,0,1,-1,-1,,-1,monster/monster15.png,jiji,sounds/sfx_attack_punch,0,从前励志做乐队主唱，声音难听始终未能出名。后来因为泡椒凤爪而出名，每年被吃掉的鸡爪可绕地球三圈。,1,100,0,118,1,0.25,1,0
41,牛魔王,monster_icon/monster16.png,1,4500,1200000,5400,6,0,32,400,0,0,2,1,0,0,0.5,-1,-1,,-1,monster/monster16.png,niumowang,sounds/sfx_attack_slash,0,自从结婚后没有过过顺心日子，总是奉劝年轻人不要结婚。只要黑脸出门，必然是被老婆臭骂无疑。,2,100,0,265,1,1.625,4,0
42,狮子精,monster_icon/monster17.png,1,1670,132000,1800,2,0,24,280,0,0,0.2,1,0,0,1,-1,-1,,-1,monster/monster17.png,shizi,sounds/attack_monster17,0,"成功妖士，汽车大亨，坐拥""宝狮集团""，宝狮3系，5系和7系等产品畅销海内外。",3,100,0,215,0.8,1.9,3,0
43,红孩儿,monster_icon/monster18.png,1,172,1200,540,0.9,0,112,150,0,0,0.2,1,0,0,1,-1,-1,,-1,monster/monster18.png,honghaier,sounds/attack_monster18,0,熊孩子，富二代，虽未成年就已经拥有豪车无数，惹的众人皆恨爹不成刚。,1,100,0,205,1,0.833,3,0
44,灵感大王,monster_icon/monster19.png,1,1676,112000,2340,1.6,0,40,150,0,0,0.1,1,0,0,0.5,-1,59,,-1,monster/monster19.png,dayuguai,sounds/sfx_attack_slash,0,本身一条屌丝小金鱼，因为跟对了老大做对了项目，从此当上总经理，迎娶白富美，走上了人生巅峰。,3,100,0,385,0.8,1.533,3,0
45,女儿国王,monster_icon/monster20.png,1,5152,3000,18000,1.2,0,144,350,0,0,0.1,1,0,0,0.5,-1,-1,,-1,monster/monster20.png,nverwang,sounds/attack_monster20,0,高龄恨嫁女，嘴上说不急，身体却很诚实，天天穿着嫁衣拿着绣球，生怕单身优质男不知道她待嫁。,3,100,0,105,1,1.125,3,0
46,黄眉怪,monster_icon/monster21.png,1,412,30000,1620,2.2,0,76,261,0,0,0.5,1,0,0,1,-1,-1,,-1,monster/monster21.png,jinluowang,sounds/attack_monster21,0,金锣王集团董事长。公司不卖火腿肠，只卖锣鼓，纯手工打造，志在成为世界顶尖的锣鼓公司。,3,100,0,295,0.65,2.188,3,0
47,奎木狼,monster_icon/monster22.png,1,2500,52000,3600,2,0,70,150,0,0,0.1,1,0,0,1,-1,-1,,-1,monster/monster22.png,langren,sounds/attack_monster22,0,"众兄弟原本打算成立公司""八匹狼""，奈何他一心想要当刀客，公司只能缩水成""七匹狼""。",3,100,0,235,1,1.55,3,0
48,金角银角,monster_icon/monster23.png,1,3072,60000,10800,5,0,30,150,0,0,0.5,1,0,0,0.5,-1,-1,,-1,monster/monster23.png,jinjiaoyinjiao,sounds/attack_monster23,0,有一次，俩兄弟挖开了一座七彩大山，发现了被压死的蝎子精和蛇精，还挖到了这个宝葫芦,3,100,0,300,1,0.6,3,0
49,铁扇公主,monster_icon/monster24.png,1,5000,4000000,8100,5,0,20,400,0,0,0.8,1,0,0,0.5,80,-1,,-1,monster/monster24.png,tieshan,sounds/attack_monster24,0,千万千万不要惹老婆发火！Orz,2,100,0,170,1,2,4,0
50,金翅大鹏,monster_icon/monster25.png,1,10000,5000000,10800,5,0,30,400,0,0,1,1,0,0,0.5,80,-1,,-1,monster/monster25.png,dapeng,sounds/sfx_attack_magic_1,0,总有那么一只妖，他高、富、帅、战斗力强、温柔、体贴、专一、不抽烟、不喝酒、无所不能。他就是：别人家的大鹏。,3,100,0,170,1,4.357,4,0
51,蛤蟆王,monster_icon/monster51.png,1,1200,300000,1000,1.5,3,6,120,0,0,1,1,0,0,0.1,-1,58,24,-1,monster/monster51.png,honghama,sounds/sfx_attack_magic,0,万里无一的武学奇蛙，在被一大堆神仙的围殴中打通了任督二脉，成为了绝世高蹼。并领悟了布法则。,3,1.5,0,100,1,0.75,3,0
52,虾兵,monster_icon/monster52.png,1,15,130,18,1.2,0,36,110,0,0,0.8,0,0,0,0.5,-1,-1,2,150,monster/monster52.png,xiabing,sounds/sfx_attack_punch,0,富有理想的战士。最讨厌的食物：鲜虾堡。,1,1.4,0,55,1,0.2,0,0
53,悍匪矬山雕,monster_icon/monster53.png,1,14,90,14.4,1.5,0,38,120,0,0,1,0,0,0,0.5,-1,-1,1,125,monster/monster53.png,qiangdao,sounds/sfx_attack_punch,0,传说中的强盗坐山雕，与怪盗基德，侠盗楚留香，盗圣白玉汤齐名。至于矬山雕嘛…,1,1.4,50,75,1,0.533,0,0
54,悍匪矬山雕,monster_icon/monster53.png,1,14,230,36,1.5,0,38,120,0,0,1,0,0,0,0.5,-1,-1,1,-1,monster/monster53.png,qiangdao,sounds/sfx_attack_punch,0,传说中的强盗坐山雕，与怪盗基德，侠盗楚留香，盗圣白玉汤齐名。至于矬山雕嘛…,1,1.4,50,75,1,0.533,0,0
55,蛤蟆王,monster_icon/monster51.png,1,1200,300000,1000,1.5,3,6,120,0,0,1,1,0,0,0.1,-1,39,24,-1,monster/monster51.png,honghama,sounds/sfx_attack_magic,0,万里无一的武学奇蛙，在被一大堆神仙的围殴中打通了任督二脉，成为了绝世高蹼。并领悟了布法则。,3,1.5,0,100,1,0.75,3,0
56,红孩儿,monster_icon/monster18.png,1,300,250,180,2,0,20,250,0,0,0.2,1,0,0,1,-1,2,1,-1,monster/monster18.png,honghaier,sounds/attack_monster18,0,熊孩子，富二代，虽未成年就已经拥有豪车无数，惹的众人皆恨爹不成刚。,1,0.9,0,205,0.85,0.833,3,0
57,奎木狼,monster_icon/monster22.png,1,350,800,144,3,0,36,180,0,0,0.1,1,0,0,1,-1,5,5,-1,monster/monster22.png,langren,sounds/attack_monster22,0,"众兄弟原本打算成立公司""八匹狼""，奈何他一心想要当刀客，公司只能缩水成""七匹狼""。",3,100,0,235,0.9,1.55,3,0
58,惨叫鸡,monster_icon/monster15.png,1,113,500,144,1.2,0,80,86,0,0,0.3,0,0,0,1,-1,7,7,-1,monster/monster15.png,jiji,sounds/sfx_attack_punch,0,从前励志做乐队主唱，声音难听始终未能出名。后来因为泡椒凤爪而出名，每年被吃掉的鸡爪可绕地球三圈。,1,1.15,0,118,1.5,0.25,1,0
59,混世魔王,monster_icon/monster4.png,1,256,2000,180,1.4,0,36,110,0,0,0.5,1,0,0,1,10,-1,10,-1,monster/monster4.png,hunshimowang,sounds/sfx_attack_punch,0,到处没脸没皮的混吃的，人送诨号“混食魔王”，不知怎么传成了混世魔王。在妖怪界也算是一朵耀眼的奇葩了。,2,1.1,0,140,1.3,0.65,1,0
60,悍匪矬山雕,monster_icon/monster53.png,1,14,90,14.4,1.5,0,20,70,0,0,1,0,0,0,0.5,-1,-1,1,-1,monster/monster53.png,qiangdao,sounds/sfx_attack_punch,0,传说中的强盗坐山雕，与怪盗基德，侠盗楚留香，盗圣白玉汤齐名。至于矬山雕嘛…,1,1.4,50,75,1.7,0.533,0,0
61,钻风大王,monster_icon/monster5.png,1,242,3000,108,1.2,0,44,133,0,0,0.6,1,0,0,0.5,-1,15,24,-1,monster/monster5.png,zuanfengdawang,sounds/sfx_attack_punch,0,年前还是小钻风，只因砍柴有功就被破格提拔为钻风大王，不能不让人怀疑此妖有裙带关系。,1,1.1,0,128,1.35,0.5,1,0
62,女儿国王,monster_icon/monster20.png,1,320,3000,108,3,0,50,550,0,0,0.1,1,0,0,0.1,-1,17,80,-1,monster/monster20.png,nverwang,sounds/attack_monster20,0,高龄恨嫁女，嘴上说不急，身体却很诚实，天天穿着嫁衣拿着绣球，生怕单身优质男不知道她待嫁。,3,0.8,0,105,1,1.125,3,0
63,钻风大王,monster_icon/monster5.png,1,262,3000,144,1.2,0,44,180,0,0,0.6,1,0,0,0.5,-1,-1,24,-1,monster/monster5.png,zuanfengdawang,sounds/sfx_attack_punch,0,年前还是小钻风，只因砍柴有功就被破格提拔为钻风大王，不能不让人怀疑此妖有裙带关系。,1,1.1,0,128,1,0.5,1,0
64,牛魔王,monster_icon/monster16.png,1,800,15000,800,4,0,14,425,0,0,2,1,0,0,0.25,20,-1,50,-1,monster/monster16.png,niumowang,sounds/attack_monster16,0,自从结婚后没有过过顺心日子，总是奉劝年轻人不要结婚。只要黑脸出门，必然是被老婆臭骂无疑。,2,0.72,0,265,0.8,1.625,4,0
65,蟹将,monster_icon/monster2.png,1,120,100,27,1.2,0,48,110,0,0,0.8,0,0,0,0.3,-1,-1,3,-1,monster/monster2.png,xiejiang,sounds/sfx_attack_punch,0,别过来！再靠近我一桨拍死自己了，活螃蟹一斤200，死螃蟹只能丢垃圾桶！,1,1.3,0,70,1,0.45,0,0
66,奔波灞和霸波奔,monster_icon/monster3.png,1,188,200,36,1,0,60,157,0,0,0.5,0,0,0,1,-1,-1,4,-1,monster/monster3.png,benbo,sounds/sfx_attack_punch,0,机智呆逼两基友，爆笑喷饭两冤家。赶时髦的他们还有微信号：bb2b2bb,1,0.9,0,165,0.7,0.5,0,0
67,钻风大王,monster_icon/monster5.png,1,606,1500,108,1.2,0,44,180,0,0,0.6,1,0,0,0.5,-1,-1,24,-1,monster/monster5.png,zuanfengdawang,sounds/sfx_attack_punch,0,年前还是小钻风，只因砍柴有功就被破格提拔为钻风大王，不能不让人怀疑此妖有裙带关系。,1,1.1,0,128,1,0.5,1,0
68,魑魅魍魉,monster_icon/monster7.png,1,134,250,54,1.5,0,72,130,0,0,0.2,0,0,0,1,-1,-1,13,-1,monster/monster7.png,chimeiwangliang,sounds/sfx_attack_stab,0,你一个单挑我们四个还是我们四个单挑你一个！自己选！,2,1.3,0,75,1,0.275,0,0
69,虾兵,monster_icon/monster52.png,1,102,130,18,1.2,0,36,110,0,0,0.8,0,0,0,0.5,-1,-1,2,-1,monster/monster52.png,xiabing,sounds/sfx_attack_punch,0,富有理想的战士。最讨厌的食物：鲜虾堡。,1,1.4,0,55,1,0.2,0,0
70,悍匪矬山雕,monster_icon/monster53.png,1,88,90,14.4,1.5,0,38,120,0,0,1,0,0,0,0.5,-1,-1,1,-1,monster/monster53.png,qiangdao,sounds/sfx_attack_punch,0,传说中的强盗坐山雕，与怪盗基德，侠盗楚留香，盗圣白玉汤齐名。至于矬山雕嘛…,1,1.4,50,75,1,0.533,0,0
71,黑熊精,monster_icon/monster10.png,1,240,2800,270,1.1,0,80,92,0,0,0.3,0,0,0,0.3,-1,23,23,-1,monster/monster10.png,heixiong,sounds/sfx_attack_magic,0,食肉目熊科动物，平时还算温和，但是受到挑衅或遇到危险时，容易暴怒。,1,1.3,0,172,1.3,1.1,2,0
72,白骨精,monster_icon/monster11.png,1,443,5000,340,0.8,0,96,200,0,0,0.4,1,0,0,0.5,-1,25,25,-1,monster/monster11.png,baijingjing,sounds/sfx_attack_magic,0,乐队“暗黑破坏猴”主唱，代表作《白骨之歌》、《我死之后》、《还想再活一万年》、《想你的骨头》等。,2,1,0,95,1,1.2,2,0
73,百眼魔君,monster_icon/monster9.png,1,379,1500,144,0.8,0,52,136,0,0,0.1,1,0,0,0.35,-1,21,21,-1,monster/monster9.png,baiyanmojun,sounds/sfx_attack_punch,0,儿时染病身上长了百眼，但是人残脑残志不残，经过艰苦修炼终于成妖，百眼变白眼。,2,1,0,170,1.1,0.3,2,0
74,女儿国王,monster_icon/monster20.png,1,380,5000,144,1.2,0,50,550,0,0,0.1,1,0,0,0.1,-1,-1,80,-1,monster/monster20.png,nverwang,sounds/attack_monster20,0,高龄恨嫁女，嘴上说不急，身体却很诚实，天天穿着嫁衣拿着绣球，生怕单身优质男不知道她待嫁。,3,0.8,0,105,1,1.125,3,0
75,琵琶精,monster_icon/monster12.png,1,2186,15000,1620,4,0,50,250,0,0,2,1,0,0,0.5,30,-1,30,-1,monster/monster12.png,pibajing,sounds/attack_monster75,0,"其实是蝎子精，长久以来被人误会为""琵琶""、""枇杷""等，造成心理扭曲，于是整日将琵琶踩在脚下以正视听。",2,1,0,205,1,1.05,2,0
76,钻风大王,monster_icon/monster5.png,1,256,1500,108,1.2,0,44,180,0,0,0.6,1,0,0,0.5,-1,-1,24,-1,monster/monster5.png,zuanfengdawang,sounds/sfx_attack_punch,0,年前还是小钻风，只因砍柴有功就被破格提拔为钻风大王，不能不让人怀疑此妖有裙带关系。,1,1.1,0,128,1,0.5,1,0
77,红孩儿,monster_icon/monster18.png,1,1500,10000,540,2,0,20,280,0,0,0.2,1,0,0,1,-1,-1,1,-1,monster/monster18.png,honghaier,sounds/attack_monster18,0,熊孩子，富二代，虽未成年就已经拥有豪车无数，惹的众人皆恨爹不成刚。,1,0.9,0,205,1,0.833,3,0
78,琵琶精,monster_icon/monster12.png,1,486,7800,1620,5,0,50,228,0,0,2,1,0,0,0.5,-1,-1,30,-1,monster/monster12.png,pibajing,sounds/attack_monster75,0,"其实是蝎子精，长久以来被人误会为""琵琶""、""枇杷""等，造成心理扭曲，于是整日将琵琶踩在脚下以正视听。",2,1,0,205,1.1,1.05,2,0
79,黄眉怪,monster_icon/monster21.png,1,412,15000,810,2.2,0,76,212,0,0,0.5,1,0,0,1,-1,35,35,-1,monster/monster21.png,jinluowang,sounds/attack_monster21,0,金锣王集团董事长。公司不卖火腿肠，只卖锣鼓，纯手工打造，志在成为世界顶尖的锣鼓公司。,3,0.65,0,295,0.8,2.188,3,0
80,铁扇公主,monster_icon/monster24.png,1,4000,60000,1060,5,0,20,340,0,0,0.8,1,0,0,0.1,40,-1,75,-1,monster/monster24.png,tieshan,sounds/attack_monster24,0,千万千万不要惹老婆发火！Orz,2,0.9,0,170,1,2,4,0
81,奎木狼,monster_icon/monster22.png,1,1300,75000,1800,8,0,30,150,0,0,0.1,1,0,0,1,46,-1,5,-1,monster/monster22.png,langren,sounds/attack_monster22,0,"众兄弟原本打算成立公司""八匹狼""，奈何他一心想要当刀客，公司只能缩水成""七匹狼""。",3,1,0,235,1.1,1.55,3,0
82,灵感大王,monster_icon/monster19.png,1,1676,100000,2160,1.6,0,70,120,0,0,0.1,1,0,0,0.5,-1,45,55,-1,monster/monster19.png,dayuguai,sounds/sfx_attack_slash,0,本身一条屌丝小金鱼，因为跟对了老大做对了项目，从此当上总经理，迎娶白富美，走上了人生巅峰。,3,0.9,0,385,1,1.533,3,0
83,女儿国王,monster_icon/monster20.png,1,1200,20000,180,1.2,0,50,550,0,0,0.1,1,0,0,0.1,-1,-1,80,-1,monster/monster20.png,nverwang,sounds/attack_monster20,0,高龄恨嫁女，嘴上说不急，身体却很诚实，天天穿着嫁衣拿着绣球，生怕单身优质男不知道她待嫁。,3,0.8,0,105,0.8,1.125,3,0
84,红孩儿,monster_icon/monster18.png,1,1500,80000,1080,2,0,20,280,0,0,0.2,1,0,0,1,-1,-1,1,-1,monster/monster18.png,honghaier,sounds/attack_monster18,0,熊孩子，富二代，虽未成年就已经拥有豪车无数，惹的众人皆恨爹不成刚。,1,0.9,0,205,1,0.833,3,0
85,狮子精,monster_icon/monster17.png,1,1670,150000,900,2,0,24,280,0,0,0.2,1,0,0,1,50,-1,50,-1,monster/monster17.png,shizi,sounds/attack_monster17,0,"成功妖士，汽车大亨，坐拥""宝狮集团""，宝狮3系，5系和7系等产品畅销海内外。",3,0.8,0,215,1.15,1.9,3,0
86,虾兵,monster_icon/monster52.png,1,15,300,36,1.2,0,36,110,0,0,0.8,0,0,0,0.5,-1,-1,2,-1,monster/monster52.png,xiabing,sounds/sfx_attack_punch,0,富有理想的战士。最讨厌的食物：鲜虾堡。,1,1.4,0,55,1,0.2,0,0
87,金角银角,monster_icon/monster23.png,1,3072,1000,14400,0.6,0,60,320,0,0,0.5,1,0,0,0.5,-1,55,55,-1,monster/monster23.png,jinjiaoyinjiao,sounds/attack_monster23,0,有一次，俩兄弟挖开了一座七彩大山，发现了被压死的蝎子精和蛇精，还挖到了这个宝葫芦,3,0.9,0,300,1.2,0.6,3,0
88,红孩儿,monster_icon/monster18.png,1,660,20000,3240,3,0,60,250,0,0,2,1,0,0,0.5,-1,56,1,-1,monster/monster18.png,honghaier,sounds/attack_monster18,0,熊孩子，富二代，虽未成年就已经拥有豪车无数，惹的众人皆恨爹不成刚。,1,0.9,0,205,1,0.833,3,0
89,奎木狼,monster_icon/monster22.png,1,2500,52000,3600,2,0,70,150,0,0,0.1,1,0,0,1,-1,57,13,-1,monster/monster22.png,langren,sounds/attack_monster22,0,"众兄弟原本打算成立公司""八匹狼""，奈何他一心想要当刀客，公司只能缩水成""七匹狼""。",3,100,0,235,1.15,1.55,3,0
90,万圣龙王,monster_icon/monster14.png,1,2500,66000,1800,2,0,30,350,0,0,2,1,0,0,1,60,-1,60,-1,monster/monster14.png,dawanshenglong,sounds/attack_monster14,0,明明只是个蛟，逢人就吹牛是条龙，生怕别人不知道自己厉害。,3,0.85,0,190,1.15,1.35,3,0
91,奎木狼,monster_icon/monster22.png,1,2500,72000,2700,5,0,40,150,0,0,0.1,1,0,0,1,-1,64,5,-1,monster/monster22.png,langren,sounds/attack_monster22,0,"众兄弟原本打算成立公司""八匹狼""，奈何他一心想要当刀客，公司只能缩水成""七匹狼""。",3,1,0,235,1,1.55,3,0
92,红孩儿,monster_icon/monster18.png,1,660,20000,1620,3,0,60,250,0,0,2,1,0,0,0.5,-1,-1,1,-1,monster/monster18.png,honghaier,sounds/attack_monster18,0,熊孩子，富二代，虽未成年就已经拥有豪车无数，惹的众人皆恨爹不成刚。,1,0.9,0,205,1,0.833,3,0
93,奎木狼,monster_icon/monster22.png,1,2500,18000,1800,2,0,70,150,0,0,0.1,1,0,0,1,-1,-1,13,-1,monster/monster22.png,langren,sounds/attack_monster22,0,"众兄弟原本打算成立公司""八匹狼""，奈何他一心想要当刀客，公司只能缩水成""七匹狼""。",3,100,0,235,1.15,1.55,3,0
94,万圣龙王,monster_icon/monster14.png,1,2500,22000,900,2,0,30,350,0,0,2,1,0,0,1,-1,-1,60,-1,monster/monster14.png,dawanshenglong,sounds/sfx_attack_magic,0,明明只是个蛟，逢人就吹牛是条龙，生怕别人不知道自己厉害。,3,0.85,0,190,1,1.35,3,0
95,万圣龙王,monster_icon/monster14.png,1,1419,56000,1800,2,0,30,350,0,0,2,1,0,0,1,-1,-1,60,-1,monster/monster14.png,dawanshenglong,sounds/sfx_attack_magic,0,明明只是个蛟，逢人就吹牛是条龙，生怕别人不知道自己厉害。,3,0.85,0,190,0.85,1.35,3,0
96,无天,monster_icon/monster97.png,1,0,99999999,0,4,0,120,430,0,0,0.8,1,0,0,0.5,-1,-1,1,-1,monster/monster96.png,wutian,sounds/attack_monste96,0,西游里最大的反派，好出风头。因为嫌弃众小妖抢了风头，所以每次出场都要吸收掉所有妖精。,3,0.8,0,140,1,1.76,4,98
97,无天,monster_icon/monster97.png,1,0,4000000,0,4,0,80,430,0,0,0.8,1,0,0,0.5,80,-1,1,-1,monster/monster96.png,wutian,sounds/attack_monste96,0,西游里最大的反派，好出风头。因为嫌弃众小妖抢了风头，所以每次出场都要吸收掉所有妖精。,3,0.8,0,140,1,1.76,4,99
98,无法无天,monster_icon/monster96.png,1,0,99999999,179998.2,4,0,120,430,0,0,0.8,1,0,0,0.5,-1,-1,1,2900,monster/monster98.png,bianshenwutian,sounds/attack_monster98,0,吸收掉所有妖怪的无天法力大涨，稳稳当当成了反派男一号。,3,0.8,0,140,1,1.76,4,0
99,无法无天,monster_icon/monster96.png,1,0,4000000,18000,4,0,20,430,0,0,0.8,1,0,0,0.5,80,-1,1,-1,monster/monster98.png,bianshenwutian,sounds/attack_monster98,0,吸收掉所有妖怪的无天法力大涨，稳稳当当成了反派男一号。,3,0.8,0,140,1,1.76,4,0
100,金鱼考斯,monster_icon/monster100.png,1,346,2500,150,5,0,60,300,0,0,0,1,0,0,1,-1,-1,32,1360,monster/monster100.png,jinyu,sounds/sfx_attack_magic,0,似乎是来自什么21世纪的靠瑟儿，专门扮演金鱼，不知怎么穿越到了西游，还成了法力高强的小妖精。,2,1.5,0,60,1.5,0.73,2,0
101,俗家弟子,monster_icon/monster101.png,1,315,5500,400,1.3,1,48,180,0,0,0.4,1,0,0,0.5,-1,-1,22,1180,monster/monster101.png,xiongmao,sounds/sfx_attack_punch,0,因为长的丑被动物园赶了出来，群众们纷纷表示没见过这么丑的熊猫。在世人的讥嘲中领悟了石头法则，见人就打。,2,1,0,180,1,0.5,1,0
102,毛球,monster_icon/monster102.png,1,50,700,400,1,2,55,160,0,0,0.5,0,0,0,0.3,-1,-1,11,310,monster/monster102.png,tuzi,sounds/sfx_attack_punch,0,前世乃是一毛绒玩具，因其太萌，被妖王赐予法力，成了御用毛绒玩具。被虐待的过程中领悟了剪刀法则。,1,1,0,190,1,1,0,0
103,象大壮,monster_icon/monster103.png,1,10000,5000000,7200,5,3,30,250,0,0,1,1,0,0,0.5,75,-1,75,3000,monster/monster103.png,daxiang,sounds/attack_monster103,0,来历不详，能力不明，信奉一力降十会。（其实明明是脑子不好使，啥都学不会）布法则的大成者。,3,1,0,300,1,0.7,4,0
104,冻冻大王,monster_icon/monster104.png,1,190,500000,2000,2.1,3,10,120,0,0,0.4,1,0,0,0.5,-1,65,65,860,monster/monster104.png,dongdongdawang,sounds/attack_monster104,0,粉红色的史莱姆，不知道是怎么出现在西游大地的，好像和蛤蟆王有什么关系.同样领悟了布法则。,3,1,0,310,1,0.9,3,0
105,木马怪,monster_icon/monster105.png,1,30,540,260,1,2,60,120,0,0,0.1,0,0,0,0.3,-1,-1,35,1380,monster/monster105.png,mumaguai,sounds/sfx_attack_punch,0,被999个熊孩子玩耍后丢弃，怨气累积而修成妖怪的木马，为了报复熊孩子而生.同样是被玩，却领悟了剪刀法则。,2,1,0,250,1,0.625,2,0
106,大虾兵,monster_icon/monster52.png,1,112,1500,120,1.3,0,48,110,0,0,0.8,1,0,0,0.5,-1,-1,2,-1,monster/monster52.png,xiabing,sounds/sfx_attack_punch,0,富有理想的战士。最讨厌的食物：鲜虾堡。,1,1.4,0,55,1.5,0.2,0,0
107,大蟹将,monster_icon/monster2.png,1,50,250,50,1,0,30,110,0,0,0.8,0,0,0,0.3,-1,-1,,-1,monster/monster2.png,xiejiang,sounds/sfx_attack_punch,0,别过来！再靠近我一桨拍死自己了，活螃蟹一斤200，死螃蟹只能丢垃圾桶！,1,211,0,70,1.5,0.45,0,0
108,大草泥马怪,monster_icon/monster6.png,1,120,4000,200,1,0,48,110,0,0,0.25,0,0,0,0.5,-1,-1,,-1,monster/monster6.png,caonima,sounds/sfx_attack_magic,0,来自马勒戈壁的神兽，因常年和河蟹发生战争，因此战斗经验丰富，不可小觑。,1,104,0,85,1.5,0.367,1,0
109,欠扁树妖,monster_icon/monster106.png,1,480,50000,2000,3,1,40,120,0,0,0.1,1,0,0,1,-1,63,63,1710,monster/monster106.png,keaishuguai,sounds/attack_buddha95,0,看起来就很欠打的妖怪，虽然实力不俗，却总被人伤害，满腹怨念，领悟了石头法则，要报复社会。,1,1,0,307,1,1.5,3,0
110,阿大,monster_icon/monster107.png,1,3600,100000,3000,4,1,50,110,0,0,0.2,1,0,0,1,73,78,67,1720,monster/monster107.png,shotouguai,sounds/sfx_attack_magic,0,老实巴交的阿大本来是个好脾气的石头妖，自从老家被开发商买下来后开山挖土家园毁灭，拔起大树下山当土匪去了，精通石头法则。,1,1,0,310,1,1.25,4,0
111,鼠大王,monster_icon/monster108.png,1,1200,30000,3000,1.85,2,95,120,0,0,0.5,0,0,0,0.5,-1,73,72,1730,monster/monster108.png,laoshuguai,sounds/sfx_attack_magic,0,山中无老虎，老鼠当大王。鼠大王是一只传奇的老鼠，繁殖奇快，善用人海战术，一般虎妖都不敢惹，精通剪刀法则。,1,1,0,307,1,1.5,4,0
112,大木马,monster_icon/monster105.png,1,30,810,390,1,2,60,120,0,0,0.1,0,0,0,0.3,-1,-1,35,1380,monster/monster105.png,mumaguai,sounds/sfx_attack_punch,0,被999个熊孩子玩耍后丢弃，怨气累积而修成妖怪的木马，为了报复熊孩子而生.同样是被玩，却领悟了剪刀法则。,2,1,0,250,1.3,0.625,2,0
113,小宝箱,monster_icon/monster109.png,1,30,600,65,1.5,0,75,120,0,0,0.2,0,0,0,0.5,-1,-1,1001,-1,monster/monster112.png,xiaoxiangzi,sounds/sfx_attack_punch,0,人畜无害的小宝箱，里面装满了初中知识，杀了它就能获得少量经验,1,1,0,204,1,0.5,1,0
114,中宝箱,monster_icon/monster110.png,1,300,2000,450,1.5,0,60,120,0,0,0.2,1,0,0,0.3,-1,-1,1002,-1,monster/monster113.png,zhongxiangzi,sounds/sfx_attack_punch,0,有点危险的中性宝箱，因为装满了高中知识的缘故，非常暴躁,2,1,0,310,1,0.5,2,0
115,大宝箱,monster_icon/monster111.png,1,900,12000,2000,1.5,0,50,250,0,0,0.2,1,0,0,0.3,-1,1003,1003,-1,monster/monster114.png,daxiangzi,sounds/sfx_attack_punch,0,成精了的大宝箱，里面装满了大学知识，无赖懒惰脸皮又厚，不容易对付,3,1,0,408,1,1,3,0
116,小贼,monster_icon/monster112.png,1,30,600,65,1.5,0,75,120,0,0,0.2,0,0,0,0.5,-1,-1,1004,-1,monster/monster109.png,xiaodaomuguai,sounds/sfx_attack_punch,0,修炼小成的浣熊精，刚刚加入盗墓行，小说看多了总幻想着自己能成为一段传奇,1,1,0,192,1,0.65,1,0
117,中贼,monster_icon/monster113.png,1,300,2000,450,1.5,0,60,150,0,0,0.2,1,0,0,0.3,-1,-1,1005,-1,monster/monster110.png,zhongdaomuguai,sounds/sfx_attack_punch,0,神秘的老盗墓怪，谁也不知道他本体是什么，常年盗墓把自己搞得妖不妖，鬼不鬼,2,1,0,354,1,0.625,2,0
118,大贼,monster_icon/monster114.png,1,900,12000,2000,1.5,0,50,250,0,0,0.2,1,0,0,0.3,-1,1006,1006,-1,monster/monster111.png,dadaomuguai,sounds/sfx_attack_punch,0,盗墓团伙的头目，已经不亲自下去挖坟了，负责销账。,3,1,0,327,1,0.75,3,0
119,红孩儿,monster_icon/monster18.png,1,2000,800000,5000,3,0,60,250,0,0,2,1,0,0,0.5,-1,-1,1,-1,monster/monster18.png,honghaier,sounds/attack_monster18,0,熊孩子，富二代，虽未成年就已经拥有豪车无数，惹的众人皆恨爹不成刚。,1,0.9,0,205,1,0.833,3,0
120,牛魔王,monster_icon/monster16.png,1,4500,1200000,5400,6,0,32,400,0,0,2,1,0,0,0.5,80,-1,,-1,monster/monster16.png,niumowang,sounds/sfx_attack_slash,0,自从结婚后没有过过顺心日子，总是奉劝年轻人不要结婚。只要黑脸出门，必然是被老婆臭骂无疑。,2,100,0,265,1,1.625,4,0
121,铁扇公主,monster_icon/monster24.png,1,5000,1000000,6000,5,0,20,340,0,0,0.8,1,0,0,0.1,40,-1,40,-1,monster/monster24.png,tieshan,sounds/attack_monster24,0,千万千万不要惹老婆发火！Orz,2,0.9,0,170,1,2,4,0
122,冻冻大王,monster_icon/monster104.png,1,1000,150000,1200,2.1,3,10,120,0,0,0.4,1,0,0,0.5,-1,65,65,860,monster/monster104.png,dongdongdawang,sounds/attack_monster104,0,粉红色的史莱姆，不知道是怎么出现在西游大地的，好像和蛤蟆王有什么关系.同样领悟了布法则。,3,1,0,310,1,0.9,3,0
123,暗黑破坏猴,monster_icon/monster115.png,1,10000,5000000,8800,5,0,40,330,0,0,0.2,1,0,0,0.3,75,-1,75,3100,monster/monster115.png,huaihou,sounds/sfx_attack_magic,0,被天外魔神附身的猴子，自称暗黑破坏猴，破坏力无与伦比，为了证明自己才是猴中之王一直在寻找悟空。,2,1,0,370,1.2,1.85,4,0
124,天朝扫地妖,monster_icon/monster116.png,1,50,2000000,60000,0.25,0,180,340,0,0,0,1,0,0,1,-1,-1,1,3200,monster/monster116.png,qingdaofu,sounds/sfx_attack_magic,0,曾经是天朝的城管，退休后就喜欢打扫社区，是心地善良的妖怪。,3,1,0,335,1,0.25,4,0
125,无法无天,monster_icon/monster96.png,1,0,2000000,18000,4,0,20,430,0,0,0.8,1,0,0,0.5,80,-1,1,-1,monster/monster98.png,bianshenwutian,sounds/attack_monster98,0,吸收掉所有妖怪的无天法力大涨，稳稳当当成了反派男一号。,3,0.8,0,140,1,1.76,4,0
