giftID,goods1,num1,goods2,num2,goods3,num3,goods4,num4,goods5,num5
1,exp,50000,sweep,15,piece3,10,,,,
2,exp,50000,sweep,15,piece4,10,,,,
3,exp,50000,sweep,15,piece5,10,,,,
4,exp,50000,sweep,15,piece8,10,,,,
5,exp,50000,sweep,15,piece9,10,,,,
6,exp,50000,sweep,15,piece10,10,,,,
7,exp,500000,sweep,50,piece11,160,,,,
8,exp,500000,sweep,50,piece12,160,,,,
9,exp,500000,sweep,50,piece13,160,,,,
10,exp,500000,sweep,50,piece17,160,,,,
11,exp,500000,sweep,50,piece18,160,,,,
12,exp,500000,sweep,50,piece26,160,,,,
13,exp,2280000,sweep,100,piece14,500,,,,
14,exp,2280000,sweep,100,piece16,500,,,,
15,exp,2280000,sweep,100,piece19,500,,,,
16,exp,2280000,sweep,100,piece20,500,,,,
17,exp,2280000,sweep,100,piece21,500,,,,
18,exp,2280000,sweep,100,piece22,500,,,,
19,exp,2280000,sweep,100,piece23,500,,,,
20,exp,2280000,sweep,100,piece24,500,,,,
21,exp,2280000,sweep,100,piece25,500,,,,
22,exp,100000,,,,,,,,
23,exp,200000,,,,,,,,
24,exp,300000,,,,,,,,
25,exp,400000,,,,,,,,
26,exp,500000,,,,,,,,
27,exp,600000,,,,,,,,
28,exp,700000,,,,,,,,
29,exp,800000,,,,,,,,
30,exp,900000,,,,,,,,
31,exp,1000000,,,,,,,,
32,sweep,10,,,,,,,,
33,sweep,20,,,,,,,,
34,sweep,30,,,,,,,,
35,sweep,40,,,,,,,,
36,sweep,50,,,,,,,,
37,sweep,60,,,,,,,,
38,sweep,70,,,,,,,,
39,sweep,80,,,,,,,,
40,sweep,90,,,,,,,,
41,sweep,100,,,,,,,,
42,exp,100000,sweep,20,piece1,10,,,,
43,exp,100000,sweep,20,piece2,10,,,,
44,exp,100000,sweep,20,piece3,10,,,,
45,exp,100000,sweep,20,piece4,10,,,,
46,exp,100000,sweep,20,piece5,10,,,,
47,exp,100000,sweep,20,piece6,10,,,,
48,exp,100000,sweep,20,piece7,10,,,,
49,exp,100000,sweep,20,piece8,10,,,,
50,exp,100000,sweep,20,piece9,10,,,,
51,exp,100000,sweep,20,piece10,10,,,,
52,exp,100000,sweep,20,piece11,10,,,,
53,exp,100000,sweep,20,piece12,10,,,,
54,exp,100000,sweep,20,piece13,10,,,,
55,exp,100000,sweep,20,piece14,10,,,,
56,exp,100000,sweep,20,piece15,10,,,,
57,exp,100000,sweep,20,piece16,10,,,,
58,exp,100000,sweep,20,piece17,10,,,,
59,exp,100000,sweep,20,piece18,10,,,,
60,exp,100000,sweep,20,piece19,10,,,,
61,exp,100000,sweep,20,piece20,10,,,,
62,exp,100000,sweep,20,piece21,10,,,,
63,exp,100000,sweep,20,piece22,10,,,,
64,exp,100000,sweep,20,piece23,10,,,,
65,exp,100000,sweep,20,piece24,10,,,,
66,exp,100000,sweep,20,piece25,10,,,,
67,exp,100000,sweep,20,piece1,30,,,,
68,exp,100000,sweep,20,piece2,30,,,,
69,exp,100000,sweep,20,piece3,30,,,,
70,exp,100000,sweep,20,piece4,30,,,,
71,exp,100000,sweep,20,piece5,30,,,,
72,exp,100000,sweep,20,piece6,30,,,,
73,exp,100000,sweep,20,piece7,30,,,,
74,exp,100000,sweep,20,piece8,30,,,,
75,exp,100000,sweep,20,piece9,30,,,,
76,exp,100000,sweep,20,piece10,30,,,,
77,exp,100000,sweep,20,piece11,30,,,,
78,exp,100000,sweep,20,piece12,30,,,,
79,exp,100000,sweep,20,piece13,30,,,,
80,exp,100000,sweep,20,piece14,30,,,,
81,exp,100000,sweep,20,piece15,30,,,,
82,exp,100000,sweep,20,piece16,30,,,,
83,exp,100000,sweep,20,piece17,30,,,,
84,exp,100000,sweep,20,piece18,30,,,,
85,exp,100000,sweep,20,piece19,30,,,,
86,exp,100000,sweep,20,piece20,30,,,,
87,exp,100000,sweep,20,piece21,30,,,,
88,exp,100000,sweep,20,piece22,30,,,,
89,exp,100000,sweep,20,piece23,30,,,,
90,exp,100000,sweep,20,piece24,30,,,,
91,exp,100000,sweep,20,piece25,30,,,,
92,exp,100000,sweep,20,piece1,50,,,,
93,exp,100000,sweep,20,piece2,50,,,,
94,exp,100000,sweep,20,piece3,50,,,,
95,exp,100000,sweep,20,piece4,50,,,,
96,exp,100000,sweep,20,piece5,50,,,,
97,exp,100000,sweep,20,piece6,50,,,,
98,exp,100000,sweep,20,piece7,50,,,,
99,exp,100000,sweep,20,piece8,50,,,,
100,exp,100000,sweep,20,piece9,50,,,,
101,exp,100000,sweep,20,piece10,50,,,,
102,exp,100000,sweep,20,piece11,50,,,,
103,exp,100000,sweep,20,piece12,50,,,,
104,exp,100000,sweep,20,piece13,50,,,,
105,exp,100000,sweep,20,piece14,50,,,,
106,exp,100000,sweep,20,piece15,50,,,,
107,exp,100000,sweep,20,piece16,50,,,,
108,exp,100000,sweep,20,piece17,50,,,,
109,exp,100000,sweep,20,piece18,50,,,,
110,exp,100000,sweep,20,piece19,50,,,,
111,exp,100000,sweep,20,piece20,50,,,,
112,exp,100000,sweep,20,piece21,50,,,,
113,exp,100000,sweep,20,piece22,50,,,,
114,exp,100000,sweep,20,piece23,50,,,,
115,exp,100000,sweep,20,piece24,50,,,,
116,exp,100000,sweep,20,piece25,50,,,,
117,peach,10,,,,,,,,
118,peach,20,,,,,,,,
119,peach,30,,,,,,,,
120,peach,40,,,,,,,,
121,peach,50,,,,,,,,
122,peach,60,,,,,,,,
123,peach,70,,,,,,,,
124,peach,80,,,,,,,,
125,peach,90,,,,,,,,
126,peach,100,,,,,,,,
127,peach,150,,,,,,,,
128,peach,200,,,,,,,,
129,peach,250,,,,,,,,
130,peach,300,,,,,,,,
131,peach,350,,,,,,,,
132,peach,400,,,,,,,,
133,peach,450,,,,,,,,
134,peach,500,,,,,,,,
135,peach,10,exp,10000,,,,,,
136,peach,20,exp,20000,,,,,,
137,peach,30,exp,30000,,,,,,
138,peach,40,exp,40000,,,,,,
139,peach,50,exp,50000,,,,,,
140,peach,60,exp,60000,,,,,,
141,peach,70,exp,70000,,,,,,
142,peach,80,exp,80000,,,,,,
143,peach,90,exp,90000,,,,,,
144,peach,100,exp,100000,,,,,,
145,peach,110,exp,110000,,,,,,
146,peach,120,exp,120000,,,,,,
147,peach,130,exp,130000,,,,,,
148,peach,140,exp,140000,,,,,,
149,peach,150,exp,150000,,,,,,
150,peach,160,exp,160000,,,,,,
151,peach,170,exp,170000,,,,,,
152,peach,180,exp,180000,,,,,,
153,peach,190,exp,190000,,,,,,
154,peach,200,exp,200000,,,,,,
155,exp,50000,sweep,15,piece30,10,,,,
156,exp,50000,sweep,15,piece31,10,,,,
