stageId,waveId,distance,monsterPieceId,num,goodsinfo,essence,totalIds,life
1,101;102;103;,750,0,0,1;1;1;2;2;3;3;4;5;6,3000,52;53;15;3;4;2;,3000000
2,201;202;203;,800,0,0,1;1;1;2;2;3;3;4;5;6,4800,52;53;15;3;4;2;,5000000
3,301;302;303;304;,850,0,0,1;1;1;2;2;3;3;4;5;6,6400,52;53;15;3;4;2;,7000000
4,401;402;403;404;,900,0,0,1;1;1;2;2;3;3;4;5;6,7900,52;53;15;3;4;2;,9000000
5,501;502;503;504;,950,39,150,1;1;1;2;2;3;3;4;5;6,9200,52;53;15;3;4;2;,11000000
6,601;602;603;604;,1000,0,0,1;1;1;2;2;3;3;4;5;6,10500,52;53;15;3;4;2;,13000000
7,701;702;703;704;705,1000,0,0,1;1;1;2;2;3;3;4;5;6,11700,52;53;15;3;4;2;,15000000
8,801;802;803;804;805;,1000,0,0,1;1;1;2;2;3;3;4;5;6,12800,52;53;15;3;4;2;,17000000
9,901;902;903;904;905;906,1000,0,0,1;1;1;2;2;3;3;4;5;6,13900,52;53;15;3;4;2;,19000000
10,1001;1002;1003;1004;,1000,39,300,1;1;1;2;2;3;3;4;5;6,15000,52;53;15;3;4;2;,21000000
11,1101;1102;1103;1104;,1000,0,0,1;1;1;2;2;3;3;4;5;6,16000,52;53;15;3;4;2;,23000000
12,1201;1202;1203;1204;,1000,0,0,1;1;1;2;2;3;3;4;5;6,17000,52;53;15;3;4;2;,25000000
13,1301;1302;1303;1304;,1000,0,0,1;1;1;2;2;3;3;4;5;6,18000,52;53;15;3;4;2;,27000000
14,1401;1402;1403;1404;,1000,0,0,1;1;1;2;2;3;3;4;5;6,19000,52;53;15;3;4;2;,29000000
15,1501;1502;1503;1504;,1000,39,150,1;1;1;2;2;3;3;4;5;6,19900,52;53;15;3;4;2;,31000000
16,1601;1602;1603;1604;,1000,0,0,1;1;1;2;2;3;3;4;5;6,20800,52;53;15;3;4;2;,33000000
17,1701;1702;1703;1704;1705,1000,0,0,1;1;1;2;2;3;3;4;5;6,21700,52;53;15;3;4;2;,35000000
18,1801;1802;1803;1804;1805;,1000,0,0,1;1;1;2;2;3;3;4;5;6,22600,52;53;15;3;4;2;,37000000
19,1901;1902;1903;1904;1905;1906,1000,0,0,1;1;1;2;2;3;3;4;5;6,23500,52;53;15;3;4;2;,39000000
20,2001;2002;2003;2004;,1000,39,300,1;1;1;2;2;3;3;4;5;6,24400,52;53;15;3;4;2;,41000000
21,2101;2102;2103;2104;,1000,0,0,1;1;1;2;2;3;3;4;5;6,25200,52;53;15;3;4;2;,43000000
22,2201;2202;2203;2204;,1000,0,0,1;1;1;2;2;3;3;4;5;6,26100,52;53;15;3;4;2;,45000000
23,2301;2302;2303;2304;,1000,0,0,1;1;1;2;2;3;3;4;5;6,26900,52;53;15;3;4;2;,47000000
24,2401;2402;2403;2404;,1000,0,0,1;1;1;2;2;3;3;4;5;6,27700,52;53;15;3;4;2;,49000000
25,2501;2502;2503;2504;,1000,39,150,1;1;1;2;2;3;3;4;5;6,28500,52;53;15;3;4;2;,51000000
26,2601;2602;2603;2604;,1000,0,0,1;1;1;2;2;3;3;4;5;6,29300,52;53;15;3;4;2;,53000000
27,2701;2702;2703;2704;2705,1000,0,0,1;1;1;2;2;3;3;4;5;6,30100,52;53;15;3;4;2;,55000000
28,2801;2802;2803;2804;2805;,1000,0,0,1;1;1;2;2;3;3;4;5;6,30900,52;53;15;3;4;2;,57000000
29,2901;2902;2903;2904;2905;2906,1000,0,0,1;1;1;2;2;3;3;4;5;6,31600,52;53;15;3;4;2;,59000000
30,3001;3002;3003;3004;,1000,39,300,1;1;1;2;2;3;3;4;5;6,32400,52;53;15;3;4;2;,61000000
31,3101;3102;3103;3104;,1000,0,0,1;1;1;2;2;3;3;4;5;6,33100,52;53;15;3;4;2;,63000000
32,3201;3202;3203;3204;,1000,0,0,1;1;1;2;2;3;3;4;5;6,33900,52;53;15;3;4;2;,65000000
33,3301;3302;3303;3304;,1000,0,0,1;1;1;2;2;3;3;4;5;6,34600,52;53;15;3;4;2;,67000000
34,3401;3402;3403;3404;,1000,0,0,1;1;1;2;2;3;3;4;5;6,35400,52;53;15;3;4;2;,69000000
35,3501;3502;3503;3504;,1000,39,150,1;1;1;2;2;3;3;4;5;6,36100,52;53;15;3;4;2;,71000000
36,3601;3602;3603;3604;,1000,0,0,1;1;1;2;2;3;3;4;5;6,36800,52;53;15;3;4;2;,73000000
37,3701;3702;3703;3704;3705,1000,0,0,1;1;1;2;2;3;3;4;5;6,37500,52;53;15;3;4;2;,75000000
38,3801;3802;3803;3804;3805;,1000,0,0,1;1;1;2;2;3;3;4;5;6,38200,52;53;15;3;4;2;,77000000
39,3901;3902;3903;3904;3905;3906,1000,0,0,1;1;1;2;2;3;3;4;5;6,38900,52;53;15;3;4;2;,79000000
40,4001;4002;4003;4004;,1000,39,300,1;1;1;2;2;3;3;4;5;6,39600,52;53;15;3;4;2;,81000000
41,4101;4102;4103;4104;,1000,0,0,1;1;1;2;2;3;3;4;5;6,40300,52;53;15;3;4;2;,83000000
42,4201;4202;4203;4204;,1000,0,0,1;1;1;2;2;3;3;4;5;6,41000,52;53;15;3;4;2;,85000000
43,4301;4302;4303;4304;,1000,0,0,1;1;1;2;2;3;3;4;5;6,41700,52;53;15;3;4;2;,87000000
44,4401;4402;4403;4404;,1000,0,0,1;1;1;2;2;3;3;4;5;6,42400,52;53;15;3;4;2;,89000000
45,4501;4502;4503;4504;,1000,39,150,1;1;1;2;2;3;3;4;5;6,43000,52;53;15;3;4;2;,91000000
46,4601;4602;4603;4604;,1000,0,0,1;1;1;2;2;3;3;4;5;6,43700,52;53;15;3;4;2;,93000000
47,4701;4702;4703;4704;4705,1000,0,0,1;1;1;2;2;3;3;4;5;6,44400,52;53;15;3;4;2;,95000000
48,4801;4802;4803;4804;4805;,1000,0,0,1;1;1;2;2;3;3;4;5;6,45000,52;53;15;3;4;2;,97000000
49,4901;4902;4903;4904;4905;4906,1000,0,0,1;1;1;2;2;3;3;4;5;6,45700,52;53;15;3;4;2;,99000000
50,5001;5002;5003;5004;,1000,39,300,1;1;1;2;2;3;3;4;5;6,46401,52;53;15;3;4;2;,101000000
51,5101;5102;5103;5104;,1000,0,0,1;1;1;2;2;3;3;4;5;6,47001,52;53;15;3;4;2;,103000000
52,5201;5202;5203;5204;,1000,0,0,1;1;1;2;2;3;3;4;5;6,47700,52;53;15;3;4;2;,105000000
53,5301;5302;5303;5304;,1000,0,,1;1;1;2;2;3;3;4;5;6,48300,52;53;15;3;4;2;,107000000
54,5401;5402;5403;5404;,1000,0,,1;1;1;2;2;3;3;4;5;6,49000,52;53;15;3;4;2;,109000000
55,5501;5502;5503;5504;,1000,39,450,1;1;1;2;2;3;3;4;5;6,49600,52;53;15;3;4;2;,111000000
56,5601;5602;5603;5604;,1000,0,,1;1;1;2;2;3;3;4;5;6,50300,52;53;15;3;4;2;,113000000
57,5701;5702;5703;5704;5705,1000,0,,1;1;1;2;2;3;3;4;5;6,51000,52;53;15;3;4;2;,115000000
58,5801;5802;5803;5804;5805;,1000,0,,1;1;1;2;2;3;3;4;5;6,51600,52;53;15;3;4;2;,117000000
59,5901;5902;5903;5904;5905;5906,1000,39,450,1;1;1;2;2;3;3;4;5;6,52300,52;53;15;3;4;2;,119000000
60,6001;6002;6003;6004;,1000,39,450,1;1;1;2;2;3;3;4;5;6,53000,52;53;15;3;4;2;,121000000
61,6101;6102;6103;6104;,1000,39,450,1;1;1;2;2;3;3;4;5;6,53600,52;53;15;3;4;2;,123000000
62,6201;6202;6203;6204;,1000,39,450,1;1;1;2;2;3;3;4;5;6,54300,52;53;15;3;4;2;,125000000
