strategyId,monsterID1,monsterID2,monsterID3,monsterID4,monsterID5,monsterID6,monsterID7,monsterID8,monsterID9,monsterID10,intervalTime
1,53,0,0,0,0,0,0,0,0,0,5
2,53,53,53,0,0,0,0,0,0,0,16
3,53,53,53,0,0,0,0,0,0,0,20
4,53,0,0,0,52,0,0,0,53,0,12
5,52,0,0,53,0,0,52,0,0,53,12
6,52,52,52,52,52,0,0,0,0,0,1
7,53,53,2,53,0,0,0,0,0,0,10
8,53,2,53,52,53,0,0,0,0,0,10
9,53,2,2,53,52,0,0,0,0,0,10
10,2,2,52,2,2,52,2,2,52,2,0
11,3,53,52,2,3,0,0,0,0,0,10.5
12,3,53,3,2,53,52,0,0,0,0,11
13,2,53,52,53,2,3,0,0,0,0,8
14,3,2,53,52,2,3,0,0,0,0,15
15,57,3,3,52,2,3,52,2,53,3,3
16,52,52,52,52,52,52,52,0,0,0,5
17,52,52,2,52,52,2,52,0,0,0,4
18,52,52,2,0,52,2,0,0,0,0,0
19,53,2,52,3,2,3,0,0,0,0,5
20,53,53,2,52,2,3,0,0,0,0,3
21,58,3,3,2,52,3,3,52,2,53,0
22,53,53,53,53,53,53,53,53,53,53,6
23,53,53,53,53,53,53,53,53,53,53,3
24,53,53,53,53,53,53,60,53,53,53,0
25,52,52,52,2,52,52,52,53,53,2,4
26,52,2,2,52,2,2,2,53,53,53,3
27,58,15,0,0,0,0,0,0,0,0,3
28,53,53,2,53,53,3,53,53,3,53,7
29,2,53,3,52,2,3,2,3,53,3,3
30,59,3,2,3,2,3,0,0,0,0,0
31,3,7,3,2,53,3,7,2,3,53,4
32,3,3,2,3,3,53,3,3,2,3,5
33,9,5,9,0,0,0,0,0,0,0,1
34,2,52,3,53,52,3,53,2,53,3,6
35,107,107,107,107,107,107,107,107,107,107,1
36,107,107,107,107,107,107,107,107,107,107,1
37,15,0,0,0,0,0,0,0,0,0,5
38,52,53,52,53,53,0,0,0,0,0,15
39,7,7,7,7,7,7,7,7,7,7,3
40,7,3,2,53,53,2,3,0,0,0,5
41,58,0,0,0,0,0,0,0,0,0,10
42,53,2,53,7,15,53,2,7,15,7,4
43,52,53,52,2,107,2,3,52,2,53,4
44,7,0,0,0,0,0,0,0,0,0,10
45,7,7,3,53,107,7,2,2,7,107,4
46,61,0,0,0,0,0,0,0,0,0,15
47,53,2,3,7,3,2,7,3,3,2,4
48,4,4,0,0,0,0,0,0,0,0,4
49,4,4,4,0,0,0,0,0,0,0,1
50,4,0,0,0,0,0,0,0,0,0,10
51,107,107,107,2,2,107,107,2,2,107,5
52,5,0,0,0,0,0,0,0,0,0,0
53,53,52,52,53,53,52,53,52,53,53,3
54,76,4,4,0,0,0,0,0,0,0,10
55,8,0,0,0,0,0,0,0,0,0,15
56,8,8,8,8,8,8,8,8,8,8,1
57,53,2,3,4,7,15,0,0,0,0,8
58,5,5,4,2,3,4,5,0,0,0,4
59,3,52,2,53,3,3,52,2,53,3,5
60,73,73,73,0,0,0,0,0,0,0,0
61,3,3,2,7,7,3,7,2,3,7,3.5
62,4,4,4,4,4,4,4,4,4,4,15
63,3,2,3,3,2,3,53,2,3,3,3
64,71,8,8,1,107,71,8,8,1,71,3
65,107,2,107,107,107,2,53,107,2,107,2
66,5,5,0,0,0,0,0,0,0,0,8
67,8,8,3,2,8,2,2,3,8,3,6
68,8,3,3,2,3,2,8,3,3,2,4.5
69,72,10,10,0,0,0,0,0,0,0,0.5
70,3,2,3,3,9,3,3,2,2,106,5
71,6,6,6,0,0,0,0,0,0,0,10
72,5,10,5,10,5,10,5,10,5,10,3
73,7,7,3,7,52,3,52,3,2,52,3
74,106,9,106,9,106,9,106,9,106,9,1
75,10,0,0,0,0,0,0,0,0,0,5
76,10,0,0,0,0,0,0,0,0,0,20
77,3,6,2,52,2,3,3,2,3,53,5
78,11,6,6,2,52,52,0,0,0,0,1
79,3,68,2,3,68,2,3,2,68,3,3
80,6,107,107,6,107,107,107,6,107,107,6
81,75,5,5,0,0,0,0,0,0,0,1
82,3,2,3,3,53,3,3,53,3,3,6
83,4,4,4,4,4,4,4,4,4,4,0
84,102,102,102,102,102,102,102,102,102,102,4
85,102,112,112,102,112,112,102,112,112,100,3.5
86,9,77,0,0,0,0,0,0,0,0,1
87,3,10,3,3,10,3,2,2,10,3,6
88,3,3,2,3,3,3,2,2,3,2,3
89,78,10,10,10,0,0,0,0,0,0,1
90,15,15,15,15,15,15,15,15,15,15,10
91,15,15,15,15,15,15,15,15,15,15,5
92,15,15,15,15,15,15,15,15,15,15,0
93,15,15,15,15,15,15,15,15,15,15,0
94,3,2,100,9,11,3,52,3,10,2,6
95,79,106,106,11,3,3,106,3,3,106,1
96,3,3,2,7,7,3,7,3,2,3,6
97,7,5,5,4,12,5,7,7,3,4,1
98,7,102,2,102,52,102,7,102,102,5,6
99,9,9,9,112,112,112,112,0,0,0,1
100,9,9,9,8,7,4,107,52,0,0,0
101,13,10,10,10,13,10,10,10,0,0,12
102,10,8,11,3,11,5,13,10,3,11,1
103,10,13,3,8,3,5,10,13,5,11,0.5
104,3,3,2,52,52,53,2,52,53,3,5
105,13,3,52,10,10,4,3,11,2,21,8
106,13,13,11,10,11,4,3,10,21,3,4
107,3,2,3,3,2,3,53,53,3,3,6
108,9,9,107,9,3,5,4,5,15,100,3.5
109,112,9,112,9,102,102,10,102,10,102,6.5
110,102,9,6,112,112,7,102,2,102,7,6
111,106,5,4,55,106,4,5,55,106,5,2
112,9,3,8,7,9,3,9,7,7,7,8
113,11,11,9,10,7,5,5,4,11,9,4
114,3,2,6,6,3,3,2,6,3,2,7
115,13,4,5,4,5,10,100,5,21,4,2.5
116,7,6,7,15,10,7,15,6,6,7,5
117,81,5,4,4,7,6,5,5,4,7,3
118,3,6,3,3,6,2,6,3,6,6,6
119,5,4,4,10,9,5,6,5,4,6,3
120,82,5,4,4,5,6,6,5,4,83,2
121,53,53,53,53,53,0,0,0,0,0,2
122,13,13,13,13,13,0,0,0,0,0,0
123,13,5,4,4,5,3,21,3,4,5,2
124,3,3,9,5,4,3,2,53,4,5,6
125,11,5,13,4,13,13,5,11,9,84,5
126,12,3,2,3,53,53,3,2,53,3,10
127,9,8,8,6,7,4,5,5,8,9,4
128,53,2,3,53,52,52,0,0,0,0,6
129,21,106,8,8,106,13,0,0,0,0,6
130,21,106,8,8,106,13,0,0,0,0,3
131,16,0,0,0,0,0,0,0,0,0,3
132,8,9,9,8,5,4,9,4,8,9,1.5
133,17,17,15,14,13,12,11,15,17,14,2
134,5,4,9,107,9,8,8,10,7,9,1.5
135,14,14,21,4,13,14,13,4,13,14,1.5
136,54,28,27,54,86,28,27,86,27,54,5
137,29,28,86,29,29,27,28,86,54,86,3
138,30,30,30,30,30,0,0,0,0,0,0
139,28,28,27,54,28,27,54,28,54,28,4
140,34,30,34,29,29,30,34,29,30,34,7
141,36,36,34,29,30,36,34,29,30,36,3
142,31,31,31,31,31,31,31,31,31,31,10
143,31,31,31,31,31,31,31,31,31,31,6
144,102,102,102,102,102,102,102,102,102,102,15
145,122,27,54,28,28,27,54,27,54,54,4
146,102,30,34,102,29,102,34,29,30,102,3
147,122,31,31,36,31,31,36,31,31,31,2
148,28,27,54,28,28,27,54,27,54,54,5
149,34,30,34,29,29,30,34,29,30,34,5
150,19,35,30,29,19,35,29,30,35,19,2
151,28,27,54,28,28,0,0,0,0,0,5
152,40,40,40,40,40,0,0,0,0,0,1
153,37,30,29,29,30,31,32,31,29,37,3
154,28,27,28,54,28,28,27,28,27,28,5
155,40,40,32,106,32,31,106,40,32,31,3
156,34,35,36,34,36,35,39,35,34,36,3
157,32,32,32,32,32,0,0,0,0,0,5
158,32,32,32,32,32,32,32,32,32,32,2
159,34,30,29,30,34,29,35,35,34,30,3
160,38,38,46,42,38,38,46,42,0,0,1
161,28,27,28,54,28,28,27,28,27,28,5
162,34,30,29,30,34,29,35,35,34,30,3
163,38,37,36,34,30,29,42,36,35,38,2.5
164,34,30,29,30,34,44,35,35,34,30,4
165,32,28,32,32,28,31,32,28,32,28,5
166,34,30,29,30,34,29,35,35,34,30,3
167,22,36,34,35,34,36,34,46,38,22,2
168,37,0,0,0,0,0,0,0,0,0,45
169,34,30,29,30,34,29,35,35,34,30,3
170,42,42,42,42,34,29,35,35,34,30,3
171,40,40,40,40,40,40,40,40,40,40,3
172,33,19,34,30,29,34,38,19,34,29,4
173,32,101,32,101,32,101,32,101,32,101,5
174,32,34,109,35,36,35,36,32,34,29,5
175,104,0,0,0,0,0,0,0,0,0,0
176,28,27,54,28,28,27,28,54,28,28,3
177,28,27,54,28,28,27,28,54,28,28,2
178,34,30,29,34,35,34,30,29,34,29,1
179,34,30,29,34,35,34,30,29,34,29,0.1
180,28,27,54,28,28,27,28,54,28,28,3
181,34,30,29,30,34,29,35,35,34,30,6
182,23,0,0,0,0,0,0,0,0,0,6
183,23,22,34,36,35,35,34,30,29,23,6
184,42,0,0,0,0,0,0,0,0,0,45
185,34,0,0,0,0,0,0,0,0,0,45
186,34,30,29,34,35,34,30,29,34,29,1
187,51,0,0,0,0,0,0,0,0,0,1
188,28,27,54,28,28,34,30,29,30,34,5
189,34,30,29,34,35,105,30,29,34,29,3
190,95,95,0,0,0,0,0,0,0,0,5
191,34,0,0,0,0,0,0,0,0,0,25
192,34,30,29,32,34,29,35,31,34,30,3
193,42,42,42,0,0,0,0,0,0,0,0
194,18,0,0,0,0,0,0,0,0,0,0
195,41,0,0,0,0,0,0,0,0,0,60
196,34,35,29,35,35,42,30,36,34,29,3
197,36,30,34,34,37,34,35,29,37,42,3
198,31,32,31,33,32,31,33,111,111,111,5
199,36,30,34,34,37,34,35,29,37,42,3
200,28,106,32,31,32,33,31,32,31,33,5
201,38,38,38,38,38,38,38,38,38,38,3
202,37,37,37,37,37,42,42,42,42,42,5
203,38,38,42,42,0,0,0,0,0,0,0
204,40,30,40,40,23,40,40,23,0,0,6
205,23,23,23,23,23,0,0,0,0,0,1
206,36,30,34,108,37,34,35,29,37,42,3
207,14,14,0,0,0,0,0,0,0,0,0
208,28,106,32,31,32,33,31,32,31,33,5
209,36,30,34,106,37,34,35,29,37,42,3
210,50,0,0,0,0,0,0,0,0,0,5
211,111,33,32,111,31,33,111,32,31,111,5
212,110,111,111,32,31,33,32,31,111,111,5
213,111,111,111,31,32,33,110,31,32,33,5
214,32,31,32,31,32,31,32,31,32,31,5
215,37,36,30,29,29,30,36,37,46,42,4
216,36,30,34,34,37,34,35,29,37,42,3
217,28,27,54,28,28,34,30,29,30,34,5
218,34,30,29,34,35,34,30,29,34,29,3
219,38,37,36,42,30,37,108,36,42,30,3
220,14,14,0,0,0,0,0,0,0,0,2
221,28,27,54,28,28,34,30,29,30,34,5
222,34,35,29,35,35,42,30,36,34,29,3
223,36,30,34,34,37,34,35,29,37,42,3
224,41,0,0,0,0,0,0,0,0,0,0
225,49,0,0,0,0,0,0,0,0,0,0
226,50,0,0,0,0,0,0,0,0,0,0
227,7,7,7,3,2,3,7,53,3,2,0.5
228,53,2,3,7,3,2,7,3,3,2,2.5
229,1,1,1,1,1,1,1,1,1,1,5
230,1,1,1,1,1,1,1,1,1,1,1
231,1,1,1,1,1,0,0,0,0,0,3
232,55,0,0,0,0,0,0,0,0,0,0
233,3,2,3,3,9,3,3,2,2,9,1
234,56,0,0,0,0,0,0,0,0,0,0
235,53,2,3,7,3,2,7,3,3,2,4
236,4,0,0,0,0,0,0,0,0,0,10
237,3,3,3,2,2,3,3,2,2,3,5
238,62,4,3,2,53,0,0,0,0,0,2
239,69,68,66,65,70,69,68,65,66,70,1
240,69,66,65,69,69,70,66,69,65,69,1
241,67,67,0,0,0,0,0,0,0,0,1
242,64,0,0,0,0,0,0,0,0,0,10
243,74,0,0,0,0,0,0,0,0,0,0
244,5,9,66,10,69,9,68,68,5,10,5.5
245,68,68,66,68,69,66,69,66,65,69,3
246,80,0,0,0,0,0,0,0,0,0,0
247,82,5,4,4,5,6,6,5,4,83,2
248,85,0,0,0,0,0,0,0,0,0,3
249,8,9,9,8,5,4,9,4,8,9,1.5
250,5,10,9,11,9,8,8,10,100,9,1.5
251,17,12,15,12,13,17,11,15,17,100,2
252,28,86,27,54,28,86,54,28,86,28,4
253,28,27,54,28,28,27,54,27,54,54,5
254,34,30,34,29,29,30,34,29,30,87,6
255,19,35,30,29,30,35,29,30,35,29,2
256,19,35,30,29,30,35,29,30,19,87,2
257,88,30,29,29,30,31,32,31,29,88,3
258,28,86,28,54,86,28,27,28,86,28,5
259,40,40,32,106,32,31,106,40,32,31,3
260,34,35,36,34,36,35,89,35,34,36,3
261,32,32,32,32,32,0,0,0,0,0,5
262,32,32,32,32,32,32,32,32,32,32,2
263,101,34,29,35,101,34,35,29,101,34,5
264,38,38,46,42,38,38,46,42,0,0,1
265,28,27,28,54,28,28,27,28,27,28,6
266,34,30,29,30,34,29,35,35,34,83,3.5
267,38,17,36,34,30,29,17,36,35,38,3
268,34,30,29,30,34,44,35,35,34,30,4.5
269,32,28,32,32,28,31,32,28,32,28,5
270,34,30,29,30,34,29,35,35,34,30,3
271,90,36,34,35,34,36,34,46,38,83,2
272,28,27,54,28,28,27,28,54,28,28,3
273,28,27,54,28,28,27,28,54,28,28,2
274,34,30,29,34,35,34,30,29,34,29,1
275,92,30,29,34,35,93,30,29,34,94,4
276,23,91,34,36,35,35,34,30,29,23,6
277,42,0,0,0,0,0,0,0,0,0,45
278,34,0,0,0,0,0,0,0,0,0,45
279,34,30,29,34,35,34,30,29,34,29,3
280,18,0,0,0,0,0,0,0,0,0,10
281,25,0,0,0,0,0,0,0,0,0,0
282,34,35,29,35,35,42,30,36,34,29,4
283,36,30,34,30,37,34,35,29,37,42,4
284,1,2,1,2,2,52,1,52,2,52,0.8
285,10,5,10,10,5,5,5,10,10,5,0.8
286,4,5,7,9,10,7,4,52,7,9,1
287,52,8,10,5,7,52,8,10,15,5,1
288,5,8,10,5,7,52,96,8,15,10,0.5
289,36,30,34,34,37,34,35,29,37,99,3
290,106,106,106,0,0,0,0,0,0,0,1
291,104,0,0,0,0,0,0,0,0,0,0
292,103,111,111,110,0,0,0,0,0,0,0
293,109,101,101,109,101,101,109,101,101,109,12
294,101,101,101,109,101,101,101,101,109,101,12
295,34,51,29,34,35,34,29,35,34,35,20
296,105,105,105,105,105,105,105,105,105,105,6
297,8,105,8,105,105,8,105,2,8,3,6
298,59,105,105,1,107,59,105,105,1,59,6
299,71,105,105,1,107,105,107,105,1,71,6
300,59,107,8,1,107,105,105,8,105,71,6
301,6,105,6,105,6,105,6,105,6,105,8
302,5,112,105,10,5,112,105,10,5,10,4
303,112,112,112,112,112,112,112,112,112,112,4
304,55,107,107,8,7,4,107,52,0,0,0
305,110,109,101,0,0,0,0,0,0,0,0
306,52,1,8,8,2,15,0,0,0,0,5
307,40,40,10,5,4,10,5,0,0,0,3
308,9,5,4,0,0,0,0,0,0,0,5
309,4,8,8,5,5,10,10,2,10,9,5
310,13,4,36,4,3,5,2,10,0,0,2
311,7,7,2,52,3,53,3,2,53,3,5
312,11,3,15,10,5,4,5,13,101,101,8
313,11,3,13,10,4,4,3,10,21,3,6
314,53,2,3,53,52,52,0,0,0,0,6
315,21,28,28,28,106,13,0,0,0,0,6
316,21,6,6,22,5,10,10,0,0,0,3
317,28,27,28,54,28,28,27,28,27,28,6
318,6,38,83,30,6,12,35,35,34,83,3.5
319,38,36,32,34,30,32,46,19,35,38,3
320,5,4,29,30,34,12,35,33,34,36,4.5
321,35,0,0,0,0,0,0,0,0,0,25
322,81,0,0,0,0,29,35,29,34,44,3
323,121,48,44,0,25,35,29,0,48,0,0
324,28,27,54,28,28,35,31,29,30,34,5
325,47,37,29,38,35,34,30,29,34,29,3
326,38,37,46,42,29,37,105,34,42,30,3
327,14,18,0,0,0,0,0,0,0,0,2
328,28,27,54,28,28,34,30,29,30,34,5
329,34,35,29,35,35,42,44,36,34,29,3
330,119,120,121,0,0,0,0,0,0,0,4
331,34,35,29,34,35,34,29,35,34,35,12
332,109,0,0,0,0,0,0,0,0,0,60
333,113,113,113,113,113,113,113,113,113,113,10
334,113,113,113,113,113,113,0,0,0,0,2
335,113,114,113,113,113,114,113,113,113,114,6
336,114,114,114,0,0,0,0,0,0,0,0
337,114,113,113,114,113,113,114,113,113,114,6
338,115,115,114,114,114,114,114,0,0,0,1
339,116,116,116,116,116,116,116,116,116,116,10
340,116,116,116,116,116,116,0,0,0,0,2
341,116,117,116,116,116,117,116,116,116,117,6
342,117,117,117,0,0,0,0,0,0,0,0
343,117,116,116,117,116,116,117,116,116,117,6
344,118,117,117,116,116,116,116,0,0,0,1
345,1,2,3,1,2,3,1,2,3,0,5
346,2,2,3,3,53,53,0,0,0,0,6
347,15,6,6,7,7,8,8,0,0,0,6
348,15,15,15,15,9,0,0,0,0,0,12
349,4,9,9,0,0,0,0,0,0,0,12
350,3,4,5,15,53,9,3,4,5,15,8
351,6,7,8,15,10,6,7,8,15,11,8
352,13,6,7,8,3,4,5,13,6,6,6
353,75,0,0,0,0,0,0,0,0,0,0
354,4,5,9,10,11,15,6,7,8,6,8
355,10,15,15,6,6,6,7,7,7,0,6
356,11,15,15,6,6,6,7,7,7,0,6
357,12,15,15,6,6,6,7,7,7,0,6
358,13,13,15,15,17,6,6,6,6,6,8
359,7,8,7,8,7,8,18,19,19,0,10
360,85,0,0,0,0,0,0,0,0,0,0
361,90,0,0,0,0,0,0,0,0,0,0
362,73,73,3,52,2,52,3,2,3,52,0
363,123,0,0,0,0,0,0,0,0,0,0
364,75,74,74,0,0,0,0,0,0,0,0
365,4,5,6,107,68,68,5,6,107,68,5
366,124,124,124,124,124,124,124,124,124,124,30
367,36,30,34,34,37,34,35,29,37,125,3
