id,cnName,icon,desc,level1expCost,level1Param,level2expCost,level2Param,level3expCost,level3Param,level4expCost,level4Param,level5expCost,level5Param,level6expCost,level6Param,level7expCost,level7Param,level8expCost,level8Param,level9expCost,level9Param,level10expCost,level10Param,level11expCost,level11Param,level12expCost,level12Param,level13expCost,level13Param,level14expCost,level14Param,level15expCost,level15Param,level16expCost,level16Param,level17expCost,level17Param,level18expCost,level18Param,level19expCost,level19Param,level20expCost,level20Param,propertyType
2,照妖棍威力,propery_icon/attack_tag.png,神器怎么会有等级呢！难道这不是穿越!!!这是游戏？,500,250,1000,300,2000,350,4000,400,8000,450,12000,500,18000,550,23400,600,30420,650,33462,700,36808,800,40488,900,44536,1000,48989,1100,65000,1200,90000,1300,120000,1400,150000,1500,180000,1600,210000,1700,1
3,照妖棍冷却,propery_icon/mirror_cd_tag.png,照妖棍可是难得的热武器，为了使用寿命着想，还是冷却一下再用好啦。,1000,55,2000,53.5,4000,52,8000,50.5,16000,49,24000,47.5,36000,46,46800,44.5,51480,43,56628,41.5,62290,40,68519,38.5,75370,37,85000,35.5,120000,34,150000,32.5,180000,31,210000,29.5,240000,28,270000,26.5,1
4,照妖棍射程,propery_icon/length_tag.png,利用反射棍提高光的聚能效果，达到射的更远的邪恶目的。,2000,250,4000,290,6000,330,7800,370,10140,410,13182,450,17136,490,22276,530,28958,570,37645,610,41409,650,53831,690,69980,730,100000,770,130000,810,160000,850,200000,890,240000,930,270000,970,300000,1010,1
7,宝塔血量,propery_icon/xueliang.png,唐僧支使小弟垒成的小塔，躲进塔里真的能够安枕无忧了吗？,1000,1000,2000,2000,4000,3000,8000,4000,12000,6000,18000,8000,27000,10000,40500,12000,52650,15000,68445,18000,82134,21000,98560,24000,118272,28000,130099,32000,143108,36000,157418,40000,173159,45000,190474,50000,209521,55000,230473,60000,1
1,悟性提高,propery_icon/exp_increase.png,提升关卡通过后获得的经验，优先升级此项能力是骨灰级玩家才懂的事。,100,0,200,0.08,1000,0.16,2000,0.24,5000,0.32,10000,0.4,20000,0.48,40000,0.56,60000,0.64,80000,0.72,100000,0.8,120000,0.88,150000,0.96,180000,1.04,220000,1.12,260000,1.2,300000,1.28,400000,1.36,500000,1.44,600000,1.52,2
5,灵气收集速度,propery_icon/spirit_max_tag.png,唐僧通过念经收集灵气来召唤神仙小弟，注意同时升级容量哦，否则...,1000,0.14,2000,0.132,4000,0.124,8000,0.116,12000,0.104,18000,0.096,27000,0.088,40500,0.072,52650,0.064,68445,0.048,82134,0.044,98560,0.04,118272,0.036,130099,0.032,143108,0.028,157418,0.024,173159,0.02,190474,0.016,209521,0.012,230473,0.008,2
6,灵气容量上限,propery_icon/spirit_grow_speed_tag.png,唐僧喜欢把收集的灵气藏靴子里，等级越高，味道越重，啊不对，容量越大。,2000,100,4000,200,6000,300,8000,400,10000,500,12000,600,14000,700,16000,800,18000,900,20000,1000,35000,1100,45000,1200,60000,1300,75000,1400,90000,1500,105000,1600,120000,1700,135000,1800,150000,1900,165000,2000,2
8,神仙召唤冷却,propery_icon/cd_decrease.png,升级此项能力，可以加固空间通道，减少神仙小弟的召唤冷却时间。,1000,0.22,2000,0.24,4000,0.26,6000,0.28,10000,0.3,14000,0.32,18000,0.34,25000,0.36,35000,0.38,45000,0.4,60000,0.42,75000,0.44,90000,0.46,110000,0.48,130000,0.5,150000,0.52,170000,0.54,200000,0.56,230000,0.58,260000,0.6,2
9,超度术,propery_icon/spirit_increase.png,唐僧通过念经超度敌方死亡的怪物，并从中获取灵气。,1000,0.05,2000,0.1,4000,0.15,6000,0.2,10000,0.25,14000,0.3,18000,0.35,25000,0.4,35000,0.45,45000,0.5,60000,0.55,75000,0.6,90000,0.65,110000,0.7,130000,0.75,150000,0.8,170000,0.85,200000,0.9,230000,0.95,260000,1,2
10,精力上限,propery_icon/energy_increase.png,精力不足怎么取经？升级后麻麻再也不用担心我精力不足了。,2000,100,4000,110,6000,120,8000,130,10000,140,12000,150,14000,160,16000,170,18000,180,20000,190,30000,200,40000,210,50000,220,60000,230,70000,240,80000,250,90000,260,100000,270,110000,280,120000,290,2
