waveId,strategyId1,strategyId2,strategyId3,strategyId4,strategyId5,strategyId6,strategyId7,monsterNumLimit,time,totalIds
101,1,2,3,0,0,0,0,100,110,
102,4,5,6,0,0,0,0,100,110,
103,7,8,9,0,0,0,0,100,110,
201,10,11,12,0,0,0,0,100,140,
202,13,14,15,0,0,0,0,100,110,
203,16,17,18,19,0,0,0,100,140,
301,20,21,22,23,0,0,0,100,190,
302,24,25,26,27,0,0,0,100,125,
303,28,29,30,31,0,0,0,100,190,
304,32,33,34,35,0,0,0,100,220,
401,36,37,38,39,0,0,0,100,240,
402,40,41,42,43,0,0,0,100,205,
403,44,45,46,47,0,0,0,100,210,
404,48,49,50,51,0,0,0,100,230,
501,52,53,54,55,56,0,0,100,290,
502,57,58,59,60,61,0,0,100,240,
503,62,63,64,65,66,0,0,100,240,
504,67,68,69,70,71,0,0,100,190,
601,72,73,74,75,76,0,0,100,190,
602,77,78,79,80,81,0,0,100,430,
603,82,83,84,85,86,0,0,100,205,
604,87,88,89,90,91,0,0,100,285,
701,92,93,94,95,96,0,0,100,225,
702,97,98,99,100,101,0,0,100,310,
703,102,103,104,105,106,107,0,100,250,
704,108,109,110,111,112,113,0,100,250,
705,114,115,116,117,118,119,0,100,190,
801,120,121,122,123,124,125,0,100,220,
802,126,127,128,129,130,131,0,100,190,
803,132,133,134,135,136,137,0,100,280,
804,138,139,140,141,142,143,0,100,230,
805,144,145,146,147,148,149,0,100,320,
901,150,151,152,153,154,155,0,100,320,
902,156,157,158,159,160,161,0,100,320,
903,162,163,164,165,166,167,0,100,320,
904,168,169,170,171,172,173,0,100,320,
905,174,175,176,177,178,179,0,100,310,
906,180,181,182,183,184,185,0,100,350,
1001,186,187,188,189,190,191,192,100,270,
1002,193,187,188,200,190,191,192,100,270,
1003,194,187,188,201,190,191,192,100,270,
1004,195,187,188,202,190,191,192,100,270,
1101,196,187,188,203,190,191,192,100,270,
1102,197,187,188,204,190,191,192,100,270,
1103,198,187,188,205,190,191,192,100,270,
1104,199,187,188,206,190,191,192,100,270,
1201,207,208,209,210,211,212,213,100,380,
1202,214,217,220,210,223,212,213,100,380,
1203,215,218,221,210,224,212,213,100,380,
1204,216,219,222,210,225,212,213,100,380,
1301,1020,1021,1022,1023,0,0,0,100,190,
1302,1024,1025,1026,1027,0,0,0,100,125,
1303,1028,1029,1030,1031,0,0,0,100,190,
1304,1032,1033,1034,1035,0,0,0,100,220,
1401,1036,1037,1038,1039,0,0,0,100,240,
1402,1040,1041,1042,1043,0,0,0,100,205,
1403,1044,1045,1046,1047,0,0,0,100,210,
1404,1048,1049,1050,1051,0,0,0,100,230,
1501,1052,1053,1054,1055,1056,0,0,100,290,
1502,1057,1058,1059,1060,1061,0,0,100,240,
1503,1062,1063,1064,1065,1066,0,0,100,240,
1504,1067,1068,1069,1070,1071,0,0,100,190,
1601,1072,1073,1074,1075,1076,0,0,100,190,
1602,1077,1078,1079,1080,1081,0,0,100,220,
1603,1082,1083,1084,1085,1086,0,0,100,190,
1604,1087,1088,1089,1090,1091,0,0,100,430,
1701,1092,1093,1094,1095,1096,0,0,100,205,
1702,1097,1098,1099,1100,1101,0,0,100,285,
1703,1102,1103,1104,1105,1106,1107,0,100,225,
1704,1108,1109,1110,1111,1112,1113,0,100,310,
1705,1114,1115,1116,1117,1118,1119,0,100,250,
1801,1120,1121,1122,1123,1124,1125,0,100,250,
1802,1126,1127,1128,1129,1130,1131,0,100,190,
1803,1132,1133,1134,1135,1136,1137,0,100,280,
1804,1138,1139,1140,1141,1142,1143,0,100,320,
1805,1144,1145,1146,1147,1148,1149,0,100,320,
1901,1150,1151,1152,1153,1154,1155,0,100,320,
1902,1156,1157,1158,1159,1160,1161,0,100,320,
1903,1162,1163,1164,1165,1166,1167,0,100,320,
1904,1168,1169,1170,1171,1172,1173,0,100,320,
1905,1174,1175,1176,1177,1178,1179,0,100,310,
1906,1180,1181,1182,1183,1184,1185,0,100,350,
2001,1186,1187,1188,1189,1190,1191,1192,100,270,
2002,1193,1187,1188,1200,1190,1191,1192,100,270,
2003,1194,1187,1188,1201,1190,1191,1192,100,270,
2004,1195,1187,1188,1202,1190,1191,1192,100,270,
2101,1196,1187,1188,1203,1190,1191,1192,100,270,
2102,1197,1187,1188,1204,1190,1191,1192,100,270,
2103,1198,1187,1188,1205,1190,1191,1192,100,270,
2104,1199,1187,1188,1206,1190,1191,1192,100,270,
2201,1207,1208,1209,1210,1211,1212,1213,100,380,
2202,1214,1217,1220,1210,1223,1212,1213,100,380,
2203,1215,1218,1221,1210,1224,1212,1213,100,380,
2204,1216,1219,1222,1210,1225,1212,1213,100,380,
2301,2020,2021,2022,2023,0,0,0,100,190,
2302,2024,2025,2026,2027,0,0,0,100,125,
2303,2028,2029,2030,2031,0,0,0,100,190,
2304,2032,2033,2034,2035,0,0,0,100,220,
2401,2036,2037,2038,2039,0,0,0,100,240,
2402,2040,2041,2042,2043,0,0,0,100,205,
2403,2044,2045,2046,2047,0,0,0,100,210,
2404,2048,2049,2050,2051,0,0,0,100,230,
2501,2052,2053,2054,2055,2056,0,0,100,290,
2502,2057,2058,2059,2060,2061,0,0,100,240,
2503,2062,2063,2064,2065,2066,0,0,100,240,
2504,2067,2068,2069,2070,2071,0,0,100,190,
2601,2072,2073,2074,2075,2076,0,0,100,190,
2602,2077,2078,2079,2080,2081,0,0,100,220,
2603,2082,2083,2084,2085,2086,0,0,100,190,
2604,2087,2088,2089,2090,2091,0,0,100,430,
2701,2092,2093,2094,2095,2096,0,0,100,205,
2702,2097,2098,2099,2100,2101,0,0,100,285,
2703,2102,2103,2104,2105,2106,2107,0,100,225,
2704,2108,2109,2110,2111,2112,2113,0,100,310,
2705,2114,2115,2116,2117,2118,2119,0,100,250,
2801,2120,2121,2122,2123,2124,2125,0,100,250,
2802,2126,2127,2128,2129,2130,2131,0,100,190,
2803,2132,2133,2134,2135,2136,2137,0,100,280,
2804,2138,2139,2140,2141,2142,2143,0,100,320,
2805,2144,2145,2146,2147,2148,2149,0,100,320,
2901,2150,2151,2152,2153,2154,2155,0,100,320,
2902,2156,2157,2158,2159,2160,2161,0,100,320,
2903,2162,2163,2164,2165,2166,2167,0,100,320,
2904,2168,2169,2170,2171,2172,2173,0,100,320,
2905,2174,2175,2176,2177,2178,2179,0,100,310,
2906,2180,2181,2182,2183,2184,2185,0,100,350,
3001,2186,2187,2188,2189,2190,2191,2192,100,270,
3002,2193,2187,2188,2200,2190,2191,2192,100,270,
3003,2194,2187,2188,2201,2190,2191,2192,100,270,
3004,2195,2187,2188,2202,2190,2191,2192,100,270,
3101,2196,2187,2188,2203,2190,2191,2192,100,270,
3102,2197,2187,2188,2204,2190,2191,2192,100,270,
3103,2198,2187,2188,2205,2190,2191,2192,100,270,
3104,2199,2187,2188,2206,2190,2191,2192,100,270,
3201,2207,2208,2209,2210,2211,2212,2213,100,380,
3202,2214,2217,2220,2210,2223,2212,2213,100,380,
3203,2215,2218,2221,2210,2224,2212,2213,100,380,
3204,2216,2219,2222,2210,2225,2212,2213,100,380,
3301,3020,3021,3022,3023,0,0,0,100,190,
3302,3024,3025,3026,3027,0,0,0,100,125,
3303,3028,3029,3030,3031,0,0,0,100,190,
3304,3032,3033,3034,3035,0,0,0,100,220,
3401,3036,3037,3038,3039,0,0,0,100,240,
3402,3040,3041,3042,3043,0,0,0,100,205,
3403,3044,3045,3046,3047,0,0,0,100,210,
3404,3048,3049,3050,3051,0,0,0,100,230,
3501,3052,3053,3054,3055,3056,0,0,100,290,
3502,3057,3058,3059,3060,3061,0,0,100,240,
3503,3062,3063,3064,3065,3066,0,0,100,240,
3504,3067,3068,3069,3070,3071,0,0,100,190,
3601,3072,3073,3074,3075,3076,0,0,100,190,
3602,3077,3078,3079,3080,3081,0,0,100,220,
3603,3082,3083,3084,3085,3086,0,0,100,190,
3604,3087,3088,3089,3090,3091,0,0,100,430,
3701,3092,3093,3094,3095,3096,0,0,100,205,
3702,3097,3098,3099,3100,3101,0,0,100,285,
3703,3102,3103,3104,3105,3106,3107,0,100,225,
3704,3108,3109,3110,3111,3112,3113,0,100,310,
3705,3114,3115,3116,3117,3118,3119,0,100,250,
3801,3120,3121,3122,3123,3124,3125,0,100,250,
3802,3126,3127,3128,3129,3130,3131,0,100,190,
3803,3132,3133,3134,3135,3136,3137,0,100,280,
3804,3138,3139,3140,3141,3142,3143,0,100,320,
3805,3144,3145,3146,3147,3148,3149,0,100,320,
3901,3150,3151,3152,3153,3154,3155,0,100,320,
3902,3156,3157,3158,3159,3160,3161,0,100,320,
3903,3162,3163,3164,3165,3166,3167,0,100,320,
3904,3168,3169,3170,3171,3172,3173,0,100,320,
3905,3174,3175,3176,3177,3178,3179,0,100,310,
3906,3180,3181,3182,3183,3184,3185,0,100,350,
4001,3186,3187,3188,3189,3190,3191,3192,100,270,
4002,3193,3187,3188,3200,3190,3191,3192,100,270,
4003,3194,3187,3188,3201,3190,3191,3192,100,270,
4004,3195,3187,3188,3202,3190,3191,3192,100,270,
4101,3196,3187,3188,3203,3190,3191,3192,100,270,
4102,3197,3187,3188,3204,3190,3191,3192,100,270,
4103,3198,3187,3188,3205,3190,3191,3192,100,270,
4104,3199,3187,3188,3206,3190,3191,3192,100,270,
4201,3207,3208,3209,3210,3211,3212,3213,100,380,
4202,3214,3217,3220,3210,3223,3212,3213,100,380,
4203,3215,3218,3221,3210,3224,3212,3213,100,380,
4204,3216,3219,3222,3210,3225,3212,3213,100,380,
4301,4020,4021,4022,4023,0,0,0,100,190,
4302,4024,4025,4026,4027,0,0,0,100,125,
4303,4028,4029,4030,4031,0,0,0,100,190,
4304,4032,4033,4034,4035,0,0,0,100,220,
4401,4036,4037,4038,4039,0,0,0,100,240,
4402,4040,4041,4042,4043,0,0,0,100,205,
4403,4044,4045,4046,4047,0,0,0,100,210,
4404,4048,4049,4050,4051,0,0,0,100,230,
4501,4052,4053,4054,4055,4056,0,0,100,290,
4502,4057,4058,4059,4060,4061,0,0,100,240,
4503,4062,4063,4064,4065,4066,0,0,100,240,
4504,4067,4068,4069,4070,4071,0,0,100,190,
4601,4072,4073,4074,4075,4076,0,0,100,190,
4602,4077,4078,4079,4080,4081,0,0,100,220,
4603,4082,4083,4084,4085,4086,0,0,100,190,
4604,4087,4088,4089,4090,4091,0,0,100,430,
4701,4092,4093,4094,4095,4096,0,0,100,205,
4702,4097,4098,4099,4100,4101,0,0,100,285,
4703,4102,4103,4104,4105,4106,4107,0,100,225,
4704,4108,4109,4110,4111,4112,4113,0,100,310,
4705,4114,4115,4116,4117,4118,4119,0,100,250,
4801,4120,4121,4122,4123,4124,4125,0,100,250,
4802,4126,4127,4128,4129,4130,4131,0,100,190,
4803,4132,4133,4134,4135,4136,4137,0,100,280,
4804,4138,4139,4140,4141,4142,4143,0,100,320,
4805,4144,4145,4146,4147,4148,4149,0,100,320,
4901,4150,4151,4152,4153,4154,4155,0,100,320,
4902,4156,4157,4158,4159,4160,4161,0,100,320,
4903,4162,4163,4164,4165,4166,4167,0,100,320,
4904,4168,4169,4170,4171,4172,4173,0,100,320,
4905,4174,4175,4176,4177,4178,4179,0,100,310,
4906,4180,4181,4182,4183,4184,4185,0,100,350,
5001,4186,4187,4188,4189,4190,4191,4192,100,270,
5002,4193,4187,4188,4200,4190,4191,4192,100,270,
5003,4194,4187,4188,4201,4190,4191,4192,100,270,
5004,4195,4187,4188,4202,4190,4191,4192,100,270,
5101,4196,4187,4188,4203,4190,4191,4192,100,270,
5102,4197,4187,4188,4204,4190,4191,4192,100,270,
5103,4198,4187,4188,4205,4190,4191,4192,100,270,
5104,4199,4187,4188,4206,4190,4191,4192,100,270,
5201,4207,4208,4209,4210,4211,4212,4213,100,380,
5202,4214,4217,4220,4210,4223,4212,4213,100,380,
5203,4215,4218,4221,4210,4224,4212,4213,100,380,
5204,4216,4219,4222,4210,4225,4212,4213,100,380,
5301,4020,4021,4022,4023,0,0,0,100,190,
5302,4024,4025,4026,4027,0,0,0,100,125,
5303,4028,4029,4030,4031,0,0,0,100,190,
5304,4032,4033,4034,4035,0,0,0,100,220,
5401,4036,4037,4038,4039,0,0,0,100,240,
5402,4040,4041,4042,4043,0,0,0,100,205,
5403,4044,4045,4046,4047,0,0,0,100,210,
5404,4048,4049,4050,4051,0,0,0,100,230,
5501,4052,4053,4054,4055,4056,0,0,100,290,
5502,4057,4058,4059,4060,4061,0,0,100,240,
5503,4062,4063,4064,4065,4066,0,0,100,240,
5504,4067,4068,4069,4070,4071,0,0,100,190,
5601,4072,4073,4074,4075,4076,0,0,100,190,
5602,4077,4078,4079,4080,4081,0,0,100,220,
5603,4082,4083,4084,4085,4086,0,0,100,190,
5604,4087,4088,4089,4090,4091,0,0,100,430,
5701,4092,4093,4094,4095,4096,0,0,100,205,
5702,4097,4098,4099,4100,4101,0,0,100,285,
5703,4102,4103,4104,4105,4106,4107,0,100,225,
5704,4108,4109,4110,4111,4112,4113,0,100,310,
5705,4114,4115,4116,4117,4118,4119,0,100,250,
5801,4120,4121,4122,4123,4124,4125,0,100,250,
5802,4126,4127,4128,4129,4130,4131,0,100,190,
5803,4132,4133,4134,4135,4136,4137,0,100,280,
5804,4138,4139,4140,4141,4142,4143,0,100,320,
5805,4144,4145,4146,4147,4148,4149,0,100,320,
5901,4150,4151,4152,4153,4154,4155,0,100,320,
5902,4156,4157,4158,4159,4160,4161,0,100,320,
5903,4162,4163,4164,4165,4166,4167,0,100,320,
5904,4168,4169,4170,4171,4172,4173,0,100,320,
5905,4174,4175,4176,4177,4178,4179,0,100,310,
5906,4180,4181,4182,4183,4184,4185,0,100,350,
6001,4186,4187,4188,4189,4190,4191,4192,100,270,
6002,4193,4187,4188,4200,4190,4191,4192,100,270,
6003,4194,4187,4188,4201,4190,4191,4192,100,270,
6004,4195,4187,4188,4202,4190,4191,4192,100,270,
6101,4196,4187,4188,4203,4190,4191,4192,100,270,
6102,4197,4187,4188,4204,4190,4191,4192,100,270,
6103,4198,4187,4188,4205,4190,4191,4192,100,270,
6104,4199,4187,4188,4206,4190,4191,4192,100,270,
6201,4207,4208,4209,4210,4211,4212,4213,100,380,
6202,4214,4217,4220,4210,4223,4212,4213,100,380,
6203,4215,4218,4221,4210,4224,4212,4213,100,380,
6204,4216,4219,4222,4210,4225,4212,4213,100,380,
