姓,单名,双名
赵,御,之玉
钱,乞,越泽
孙,戾,锦程
李,嵩,修杰
周,邑,烨伟
吴,瑛,尔曼
郑,鸿,立辉
王,卿,致远
冯,裘,天思
陈,契,友绿
褚,涛,聪健
卫,疾,修洁
蒋,驳,访琴
沈,凛,初彤
韩,逊,谷雪
杨,鹰,平灵
朱,威,源智
秦,紊,烨华
尤,阁,振家
许,康,越彬
何,焱,子轩
吕,城,伟宸
施,誉,晋鹏
张,祥,觅松
孔,虔,海亦
曹,胜,雨珍
严,穆,浩宇
华,豁,嘉熙
金,匪,志泽
魏,霆,苑博
陶,凡,念波
姜,枫,峻熙
戚,豪,俊驰
谢,铭,聪展
邹,罡,南松
喻,扬,问旋
柏,垣,黎昕
水,师,谷波
窦,翼,凝海
章,秋,靖易
云,傥,芷烟
苏,箴,渊思
潘,雍,煜祺
葛,达,乐驹
奚,乾,风华
范,鑫,睿渊
彭,萧,博超
郎,鲂,天磊
鲁,冥,夜白
韦,翰,初晴
昌,丑,秋白
马,隶,瑾瑜
苗,钧,鹏飞
凤,坤,弘文
花,荆,伟泽
方,蹇,迎松
俞,骁,雨泽
任,沅,鹏笑
袁,剑,诗云
柳,勒,白易
酆,筮,远航
鲍,磬,笑白
史,戎,映波
唐,翎,代桃
费,函,晓啸
廉,嚣,智宸
岑,炳,晓博
薛,耷,靖琪
雷,惮,十八
贺,鞯,君浩
倪,擎,绍辉
汤,烙,冷安
滕,靖,盼旋
殷,遥,天德
罗,斩,铁身
毕,颤,老黑
郝,孱,半邪
邬,续,半山
安,岩,一江
常,奄,冰安
乐,博,皓轩
于,鹤,子默
时,绯,熠彤
傅,匕,青寒
皮,奎,烨磊
卞,仰,愚志
齐,霸,飞风
康,乌,问筠
伍,邴,旭尧
余,败,妙海
元,捕,平文
卜,糜,冷之
顾,汲,尔阳
孟,涔,天宇
平,班,正豪
黄,悲,文博
和,臻,明辉
穆,厉,行恶
萧,栾,哲瀚
尹,井,子骞
姚,伊,泽洋
邵,储,灵竹
湛,羿,幼旋
汪,富,百招
祁,稀,不斜
毛,松,擎汉
禹,寇,千万
狄,碧,高烽
米,珩,大开
贝,靳,不正
明,鞅,伟帮
臧,弼,如豹
计,焦,三德
伏,海,三毒
成,刚,连虎
戴,纲,十三
谈,囧,酬海
宋,姿,天川
茅,芷,一德
庞,芝,复天
熊,筝,牛青
纪,真,羊青
舒,珍,大楚
屈,贞,傀斗
项,婴,老五
祝,秀,老九
董,雯,定帮
梁,纹,自中
杜,菀,开山
阮,莞,似狮
蓝,宛,无声
闵,桐,一手
席,彤,严青
季,愫,老四
麻,素,不可
强,涑,随阴
贾,姝,大有
路,弱,中恶
娄,若,延恶
危,蓉,百川
江,清,世倌
童,青,连碧
颜,莆,岱周
郭,萍,擎苍
梅,颦,思远
盛,茗,嘉懿
林,敏,鸿煊
刁,娩,笑天
锺,斓,晟睿
徐,澜,强炫
邱,蓝,寄灵
骆,兰,听白
高,惠,鸿涛
夏,荟,孤风
蔡,涫,青文
田,芙,盼秋
樊,璎,怜烟
胡,姒,浩然
凌,苠,明杰
霍,淇,昊焱
虞,绮,伟诚
万,雁,剑通
支,襄,鹏涛
柯,紫,鑫磊
昝,芯,醉薇
管,沂,尔蓝
卢,衣,靖仇
莫,荠,成风
经,莺,豪英
房,萤,若风
裘,怡,难破
缪,苡,德地
干,悒,无施
解,荧,追命
应,茈,成协
宗,香,人达
丁,绫,亿先
宣,灵,不评
贲,玲,成威
邓,樱,成败
洪,颜,难胜
滑,艳,人英
封,颖,忘幽
巫,盈,世德
蓬,琦,世平
暴,忻,广山
龙,芸,德天
怀,笙,人雄
蒙,芳,人杰
翟,丝,不言
雍,湘,难摧
冀,萃,世立
充,翠,老三
慎,萝,若之
弘,芹,成危
包,竺,元龙
裴,洙,成仁
芮,珠,若剑
乌,衫,难敌
全,莛,浩阑
甘,琳,士晋
叶,珊,铸海
蒲,凤,人龙
池,嫣,伯云
谭,芫,老头
却,葶,南风
僪,芮,擎宇
慕,沁,浩轩
戈,柔,煜城
匡,妍,博涛
诸,芾,问安
陆,莹,烨霖
羿,斌,天佑
焦,军,明雪
郗,君,书芹
钭,俊,半雪
幸,筠,伟祺
邰,骏,从安
乔,隽,寻菡
贡,珺,秋寒
璩,家,谷槐
浦,嘉,文轩
连,迦,立诚
廖,佳,立果
国,功,明轩
左,宫,楷瑞
荣,龚,炎彬
储,肱,鹏煊
巴,索,幼南
班,琐,沛山
历,湖,不尤
司,户,道天
从,鹄,剑愁
阳,河,千筹
劳,贺,广缘
桑,赫,天奇
尚,何,道罡
茹,江,远望
庾,将,乘风
文,绛,剑心
石,疆,道之
翁,强,乘云
靳,嫱,绝施
弓,维,冥幽
仰,未,天抒
戎,卫,剑成
韶,微,士萧
鄂,魏,文龙
郁,唯,一鸣
逄,伟,剑鬼
桂,危,半仙
农,薇,万言
习,止,剑封
终,植,远锋
寇,致,天与
崔,晃,元正
荀,凰,世开
汲,丰,不凡
牧,逢,断缘
秋,奉,中道
祖,锋,绝悟
郜,峰,道消
索,葑,断秋
胥,庭,远山
姬,亭,蓝血
濮,婷,无招
温,廷,无极
宦,红,鬼神
暨,洪,满天
广,宏,飞扬
吉,虹,醉山
羊,弘,语堂
邴,泓,懿轩
隗,纮,雅阳
仲,绿,鑫鹏
武,旅,文昊
黎,帅,松思
咸,水,水云
能,岁,山柳
申,遂,荣轩
牛,辉,绮彤
别,慧,沛白
艾,灰,慕蕊
居,晖,觅云
禄,蕙,鹭洋
钮,男,立轩
於,楠,金鑫
糜,囡,健柏
山,岚,建辉
伊,览,鹤轩
符,然,昊强
蓟,燃,凡梦
籍,冉,代丝
苍,谭,远侵
扶,潭,一斩
寿,勋,一笑
庄,寻,一刀
鱼,巡,行天
衡,迅,无血
阙,薰,无剑
龚,荀,无敌
惠,宣,万怨
松,玄,万天
谷,悬,万声
宫,璇,万恶
刘,轩,万仇
溥,萱,天问
赖,炫,天寿
双,儇,送终
堵,万,山河
通,湾,三问
晏,丸,如花
容,婉,灭龙
步,琬,聋五
东,二,绝义
程,儿,绝山
甄,尔,剑身
井,贰,浩天
车,迩,非笑
宁,米,恶天
景,迷,断天
印,蜜,仇血
卓,秘,仇天
闻,美,沧海
冉,梅,不二
边,妹,碧空
柴,眉,半鬼
向,枚,文涛
都,媚,晓刚
欧,魅,洪纲
晁,年,砖家
曾,能,叫兽
查,南,醉易
万俟,内,紫萱
澹台,那,紫霜
之,女,紫南
萨克达,亡,紫菱
乌雅,网,紫蓝
富察,望,紫翠
泰,大,紫安
乜,宝,芷天
欧阳,保,芷容
濮阳,豹,芷巧
慕容,苞,芷卉
典,虎,芷荷
张廖,陆,之桃
绍,露,元霜
夔,鹿,元绿
辛,阳,元槐
权,羊,元枫
闻人,狐,语雪
太叔,基,语山
库雅喇,极,语蓉
太史,吉,语琴
巩,光,语海
简,广,语芙
关,风,语儿
皇甫,吴,语蝶
仲孙,芬,雨雪
叶赫那拉,彩,雨文
爱新觉罗,财,雨梅
完颜,策,雨莲
朴,星,雨兰
巧,兴,幼丝
奕,幸,幼枫
单,辛,又菡
嵇,欣,友梅
麴,馨,友儿
段,杏,映萱
侯,荇,映安
仇,燕,迎梦
詹,炎,迎波
宿,言,易巧
蔺,严,亦丝
宰,焉,亦巧
瞿,天,忆雪
古,田,忆文
耿,甜,忆梅
毋,恬,忆枫
司马,典,以丹
公冶,三,依丝
宇文,桑,夜玉
章佳,商,夜梦
钮祜禄,尚,夜春
范姜,殇,雁荷
费莫,航,雁风
蔚,杭,雅彤
冷,汤,雅琴
游,棠,寻梅
夏侯,物,寻冬
淳于,武,雪珍
司徒,舞,雪瑶
宾,雾,雪旋
张简,雨,雪卉
愈,鱼,笑旋
隆,余,笑蓝
阚,玉,笑翠
东方,羽,晓亦
申屠,宇,晓夏
赫,愈,向梦
公叔,璐,香萱
蒯,曲,香岚
尉迟,旭,夏真
轩辕,絮,夏山
姒,楚,夏兰
杭,中,惜雪
邢,樗,惜蕊
家,牧,惜灵
富,牡,问夏
栾,丹,问蕊
束,蛋,问梅
白,旦,听筠
屠,显,听枫
党,献,天曼
郦,仙,思松
燕,林,思菱
阎,木,水瑶
易,森,水彤
满,土,书竹
沃,雷,书易
敖,蕾,诗桃
沙,磊,诗双
荆,罗,诗珊
上官,洛,诗蕊
宗政,络,山菡
长孙,雒,山蝶
皇,可,若雁
辟,柯,若菱
那拉,克,如风
他塔喇,恪,如冬
碧鲁,心,如波
鞠,信,秋柔
竺,礼,青雪
诸葛,一,青曼
单于,义,巧蕊
司空,意,千亦
图门,亿,千柔
来,亦,千柳
壬,易,绮琴
师,宜,绮梅
赫连,依,平萱
公孙,艺,平露
依尔觉罗,世,沛儿
舒穆禄,氏,盼烟
乌孙,,凝雁
聂,,凝安
空,,念之
相,,念柏
公,,妙之
公羊,,妙梦
令狐,,妙柏
岳,,梦之
夕,,梦桃
南宫,,梦琪
商,,梦露
西门,,梦凡
东门,,曼容
琴,,曼荷
巫马,,曼寒
端木,,曼安
颛孙,,绿真
子车,,凌文
司寇,,凌青
亓官,,凌波
帅,,怜阳
羊舌,,怜珊
海,,冷雪
归,,冷荷
呼延,,乐萱
南门,,乐天
东郭,,乐松
鲜于,,乐枫
锺离,,静芙
薄,,靖柏
厉,,寄真
闾丘,,寄文
百里,,寄琴
闫,,幻天
楚,,幻珊
晋,,寒天
谷梁,,寒凝
宰父,,寒梦
夹谷,,寒荷
拓跋,,涵易
公良,,涵菱
操,,含玉
眭,,含烟
摩,,含灵
铁,,含蕾
堪,,海云
粱,,海冬
咎,,谷蕊
由,,谷兰
宓,,飞珍
鹿,,飞槐
牟,,访云
楼,,访烟
浑,,访天
佟,,访风
占,,凡阳
苻,,凡旋
曲,,凡梅
资,,凡灵
伯赏,,凡蕾
阳佟,,尔丝
归海,,尔柳
乐正,,尔芙
左丘,,尔白
公西,,孤菱
谷粱,,沛萍
,,梦柏
,,从阳
,,绿海
,,白梅
,,秋烟
,,访旋
,,元珊
,,凌旋
,,依珊
,,寻凝
,,幻柏
,,雨寒
,,寒安
,,怀绿
,,书琴
,,水香
,,向彤
,,曼冬
,,怜梦
,,安珊
,,映阳
,,思天
,,初珍
,,冷珍
,,海安
,,从彤
,,灵珊
,,夏彤
,,映菡
,,青筠
,,易真
,,幼荷
,,冷霜
,,凝旋
,,夜柳
,,紫文
,,凡桃
,,醉蝶
,,从云
,,冰萍
,,小萱
,,白筠
,,依云
,,元柏
,,丹烟
,,念云
,,易蓉
,,青易
,,友卉
,,若山
,,涵柳
,,映菱
,,依凝
,,怜南
,,水儿
,,从筠
,,千秋
,,代芙
,,之卉
,,幻丝
,,书瑶
,,含之
,,雪珊
,,海之
,,寄云
,,盼海
,,谷梦
,,雁兰
,,晓灵
,,向珊
,,宛筠
,,笑南
,,梦容
,,寄柔
,,静枫
,,尔容
,,沛蓝
,,宛海
,,迎彤
,,梦易
,,惜海
,,灵阳
,,念寒
,,采梦
,,夜绿
,,又亦
,,梦山
,,醉波
,,慕晴
,,安彤
,,半烟
,,翠桃
,,书蝶
,,寻云
,,冰绿
,,山雁
,,南莲
,,夜梅
,,翠阳
,,芷文
,,南露
,,向真
,,又晴
,,又蓝
,,雅旋
,,千儿
,,听安
,,凌蝶
,,向露
,,从凝
,,雨双
,,依白
,,以筠
,,含巧
,,晓瑶
,,忆山
,,以莲
,,冰海
,,盼芙
,,冰珍
,,半双
,,以冬
,,千凝
,,笑阳
,,香菱
,,友蕊
,,若云
,,天晴
,,笑珊
,,凡霜
,,南珍
,,晓霜
,,芷云
,,谷芹
,,芷蝶
,,雨柏
,,之云
,,靖巧
,,寄翠
,,涵菡
,,雁卉
,,涵山
,,念薇
,,绮兰
,,迎蕾
,,秋荷
,,代天
,,采波
,,诗兰
,,谷丝
,,凝琴
,,凝芙
,,尔风
,,觅双
,,忆灵
,,水蓝
,,书蕾
,,访枫
,,涵双
,,初阳
,,从梦
,,凝天
,,秋灵
,,笑槐
,,灵凡
,,冰夏
,,听露
,,翠容
,,绮晴
,,静柏
,,天亦
,,冷玉
,,以亦
,,盼曼
,,乐蕊
,,凡柔
,,曼凝
,,沛柔
,,迎蓉
,,映真
,,采文
,,曼文
,,新筠
,,碧玉
,,秋柳
,,白莲
,,亦玉
,,幻波
,,忆之
,,孤丝
,,妙竹
,,傲柏
,,元风
,,易烟
,,怀蕊
,,寻桃
,,映之
,,小玉
,,尔槐
,,听荷
,,赛君
,,闭月
,,不愁
,,羞花
,,紫寒
,,夏之
,,飞薇
,,如松
,,白安
,,秋翠
,,夜蓉
,,傲晴
,,凝丹
,,凌瑶
,,初曼
,,夜安
,,安荷
,,青柏
,,向松
,,绿旋
,,芷珍
,,凌晴
,,新儿
,,亦绿
,,雁丝
,,惜霜
,,紫青
,,冰双
,,映冬
,,代萱
,,梦旋
,,毒娘
,,紫萍
,,冰真
,,幻翠
,,向秋
,,海蓝
,,凌兰
,,如柏
,,千山
,,半凡
,,雁芙
,,白秋
,,平松
,,代梅
,,香之
,,梦寒
,,小蕊
,,慕卉
,,映梦
,,绿蝶
,,凌翠
,,夜蕾
,,含双
,,慕灵
,,碧琴
,,夏旋
,,冷雁
,,乐双
,,念梦
,,静丹
,,之柔
,,新瑶
,,亦旋
,,雪巧
,,中蓝
,,莹芝
,,一兰
,,清涟
,,盛男
,,凝莲
,,雪莲
,,依琴
,,绣连
,,友灵
,,醉柳
,,秋双
,,绮波
,,寄瑶
,,冰蝶
,,孤丹
,,半梅
,,友菱
,,飞双
,,醉冬
,,寡妇
,,沛容
,,南晴
,,太兰
,,紫易
,,从蓉
,,友易
,,尔竹
,,巧荷
,,寻双
,,芷雪
,,又夏
,,梦玉
,,安梦
,,凝荷
,,外绣
,,忆曼
,,不平
,,凝蝶
,,以寒
,,安南
,,思山
,,若翠
,,曼青
,,小珍
,,青荷
,,代容
,,孤云
,,慕青
,,寄凡
,,元容
,,丹琴
,,寒珊
,,飞雪
,,妙芙
,,碧凡
,,思柔
,,雁桃
,,丹南
,,雁菡
,,翠丝
,,幻梅
,,海莲
,,宛秋
,,问枫
,,靖雁
,,蛟凤
,,大凄
,,傻姑
,,金连
,,梦安
,,碧曼
,,代珊
,,惜珊
,,元冬
,,青梦
,,书南
,,绮山
,,白桃
,,从波
,,访冬
,,含卉
,,平蝶
,,海秋
,,沛珊
,,飞兰
,,凝云
,,亦竹
,,梦岚
,,寒凡
,,傲柔
,,凌丝
,,觅风
,,平彤
,,念露
,,翠彤
,,秋玲
,,安蕾
,,若蕊
,,灵萱
,,含雁
,,思真
,,盼山
,,香薇
,,碧萱
,,夏柳
,,白风
,,安双
,,凌萱
,,盼夏
,,幻巧
,,怜寒
,,傲儿
,,冰枫
,,如萱
,,妖丽
,,元芹
,,涵阳
,,涵蕾
,,以旋
,,高丽
,,灭男
,,代玉
,,可仁
,,可兰
,,可愁
,,可燕
,,妙彤
,,易槐
,,小凝
,,妙晴
,,冰薇
,,涵柏
,,语兰
,,小蕾
,,忆翠
,,听云
,,觅海
,,静竹
,,初蓝
,,迎丝
,,幻香
,,含芙
,,夏波
,,冰香
,,凌香
,,妙菱
,,访彤
,,凡雁
,,紫真
,,书双
,,问晴
,,惜萱
,,白萱
,,靖柔
,,凡白
,,晓曼
,,曼岚
,,雁菱
,,雨安
,,谷菱
,,夏烟
,,问儿
,,青亦
,,夏槐
,,含蕊
,,迎南
,,又琴
,,冷松
,,安雁
,,飞荷
,,踏歌
,,秋莲
,,盼波
,,以蕊
,,盼兰
,,之槐
,,飞柏
,,孤容
,,白玉
,,傲南
,,山芙
,,夏青
,,雁山
,,曼梅
,,如霜
,,沛芹
,,丹萱
,,翠霜
,,玉兰
,,汝燕
,,不乐
,,不悔
,,可冥
,,若男
,,素阴
,,元彤
,,从丹
,,曼彤
,,惋庭
,,起眸
,,香芦
,,绿竹
,,雨真
,,乐巧
,,亚男
,,小之
,,如曼
,,山槐
,,谷蓝
,,笑容
,,香露
,,白薇
,,凝丝
,,雨筠
,,秋尽
,,婷冉
,,冰凡
,,亦云
,,芙蓉
,,天蓝
,,沉鱼
,,东蒽
,,飞丹
,,涵瑶
,,雁开
,,以松
,,南烟
,,傲霜
,,香旋
,,觅荷
,,幼珊
,,无色
,,凤灵
,,新竹
,,半莲
,,媚颜
,,紫雪
,,寒香
,,幼晴
,,宛菡
,,采珊
,,凝蕊
,,无颜
,,莫言
,,初兰
,,冷菱
,,妙旋
,,梨愁
,,友琴
,,水蓉
,,尔岚
,,怜蕾
,,怀蕾
,,惜天
,,谷南
,,雪兰
,,语柳
,,夏菡
,,巧凡
,,映雁
,,之双
,,梦芝
,,傲白
,,觅翠
,,如凡
,,傲蕾
,,傲旋
,,以柳
,,从寒
,,双双
,,无春
,,紫烟
,,飞凤
,,紫丝
,,思卉
,,初雪
,,向薇
,,落雁
,,凡英
,,海菡
,,白晴
,,映天
,,静白
,,雨旋
,,安卉
,,依柔
,,半兰
,,灵雁
,,雅蕊
,,初丹
,,寒云
,,念烟
,,代男
,,笑卉
,,曼云
,,飞莲
,,幻竹
,,晓绿
,,寄容
,,小翠
,,小霜
,,语薇
,,芷蕾
,,谷冬
,,血茗
,,天荷
,,问丝
,,沛凝
,,翠绿
,,寒松
,,思烟
,,雅寒
,,以南
,,碧蓉
,,绮南
,,白凡
,,安莲
,,访卉
,,元瑶
,,水风
,,凡松
,,友容
,,访蕊
,,若南
,,涵雁
,,雪一
,,怀寒
,,幻莲
,,碧菡
,,绿蕊
,,如雪
,,珊珊
,,念珍
,,莫英
,,朝雪
,,茹嫣
,,老太
,,曼易
,,宛亦
,,映寒
,,谷秋
,,诗槐
,,如之
,,水桃
,,又菱
,,迎夏
,,幻灵
,,初夏
,,晓槐
,,代柔
,,忆安
,,迎梅
,,夜云
,,傲安
,,雨琴
,,听芹
,,依玉
,,冬寒
,,绿柏
,,梦秋
,,千青
,,念桃
,,苑睐
,,夏蓉
,,诗蕾
,,友安
,,寻菱
,,绮烟
,,若枫
,,凝竹
,,听莲
,,依波
,,飞松
,,依秋
,,绿柳
,,元菱
,,念芹
,,如彤
,,香彤
,,涵梅
,,映容
,,平安
,,赛凤
,,书桃
,,梦松
,,以云
,,映易
,,小夏
,,元灵
,,天真
,,晓蕾
,,问玉
,,问薇
,,笑晴
,,亦瑶
,,半芹
,,幼萱
,,凡双
,,夜香
,,阑香
,,阑悦
,,溪灵
,,冥茗
,,丹妗
,,妙芹
,,飞飞
,,觅山
,,沛槐
,,太英
,,惋清
,,太清
,,灵安
,,觅珍
,,依风
,,若颜
,,觅露
,,问柳
,,以晴
,,山灵
,,晓兰
,,梦菡
,,思萱
,,半蕾
,,紫伊
,,山兰
,,初翠
,,岂愈
,,海雪
,,向雁
,,冬亦
,,柏柳
,,青枫
,,宝莹
,,宝川
,,若灵
,,冷梅
,,艳一
,,梦槐
,,依霜
,,凡之
,,忆彤
,,英姑
,,清炎
,,绮露
,,醉卉
,,念双
,,小凡
,,尔琴
,,冬卉
,,初柳
,,天玉
,,千愁
,,稚晴
,,怀曼
,,雪曼
,,雪枫
,,缘郡
,,雁梅
,,雅容
,,雁枫
,,灵寒
,,寻琴
,,慕儿
,,雅霜
,,含莲
,,曼香
,,慕山
,,书兰
,,凡波
,,又莲
,,沛春
,,语梦
,,青槐
,,新之
,,含海
,,觅波
,,嫣然
,,善愁
,,善若
,,善斓
,,千雁
,,白柏
,,雅柏
,,冬灵
,,平卉
,,不弱
,,不惜
,,灵槐
,,海露
,,白梦
,,尔蓉
,,芷珊
,,迎曼
,,问兰
,,又柔
,,雪青
,,傲之
,,绿兰
,,听兰
,,冰旋
,,白山
,,荧荧
,,迎荷
,,丹彤
,,海白
,,谷云
,,以菱
,,以珊
,,雪萍
,,千兰
,,大娘
,,思枫
,,白容
,,翠芙
,,寻雪
,,冰岚
,,新晴
,,绿蓉
,,傲珊
,,安筠
,,怀亦
,,安寒
,,青丝
,,灵枫
,,芷蕊
,,寻真
,,以山
,,菲音
,,寒烟
,,易云
,,夜山
,,映秋
,,唯雪
,,嫣娆
,,梦菲
,,凤凰
,,一寡
,,幻然
,,颜演
,,白翠
,,傲菡
,,妙松
,,忆南
,,醉蓝
,,碧彤
,,水之
,,怜菡
,,雅香
,,雅山
,,丹秋
,,盼晴
,,听双
,,冷亦
,,依萱
,,静槐
,,冰之
,,曼柔
,,夏云
,,凌寒
,,夜天
,,小小
,,如南
,,寻绿
,,诗翠
,,丹翠
,,从蕾
,,忆丹
,,傲薇
,,宛白
,,幻枫
,,晓旋
,,初瑶
,,如蓉
,,海瑶
,,代曼
,,靖荷
,,采枫
,,书白
,,凝阳
,,孤晴
,,如音
,,傲松
,,书雪
,,怜翠
,,雪柳
,,安容
,,以彤
,,翠琴
,,安萱
,,寄松
,,雨灵
,,新烟
,,妙菡
,,雪晴
,,友瑶
,,丹珍
,,白凝
,,孤萍
,,寒蕾
,,妖妖
,,藏花
,,葵阴
,,幻嫣
,,幻悲
,,若冰
,,藏鸟
,,又槐
,,夜阑
,,灭绝
,,藏今
,,凌柏
,,向雪
,,丹雪
,,无心
,,夜雪
,,幻桃
,,念瑶
,,白卉
,,飞绿
,,怀梦
,,幼菱
,,芸遥
,,芷波
,,灵波
,,一凤
,,尔蝶
,,问雁
,,一曲
,,问芙
,,涔雨
,,宫苴
,,尔云
,,秋凌
,,灵煌
,,寒梅
,,灵松
,,安柏
,,晓凡
,,冰颜
,,行云
,,觅儿
,,天菱
,,舞仙
,,念真
,,代亦
,,飞阳
,,迎天
,,摇伽
,,菲鹰
,,惜萍
,,安白
,,幻雪
,,友桃
,,飞烟
,,沛菡
,,水绿
,,天薇
,,依瑶
,,夏岚
,,晓筠
,,若烟
,,寄风
,,思雁
,,乐荷
,,雨南
,,乐蓉
,,易梦
,,凡儿
,,翠曼
,,静曼
,,魂幽
,,茹妖
,,香魔
,,幻姬
,,凝珍
,,怜容
,,惜芹
,,笑柳
,,太君
,,莫茗
,,忆秋
,,代荷
,,尔冬
,,山彤
,,盼雁
,,山晴
,,乐瑶
,,灵薇
,,盼易
,,听蓉
,,宛儿
,,从灵
,,如娆
,,南霜
,,元蝶
,,忆霜
,,冬云
,,访文
,,紫夏
,,新波
,,千萍
,,凤妖
,,水卉
,,靖儿
,,青烟
,,千琴
,,问凝
,,如冰
,,半梦
,,怀莲
,,傲芙
,,静蕾
,,艳血
,,绾绾
,,绝音
,,若血
,,若魔
,,虔纹
,,涟妖
,,雪冥
,,邪欢
,,冰姬
,,四娘
,,二娘
,,三娘
,,老姆
,,黎云
,,青旋
,,语蕊
,,代灵
,,紫山
,,傲丝
,,听寒
,,秋珊
,,代云
,,代双
,,晓蓝
,,茗茗
,,天蓉
,,南琴
,,寻芹
,,诗柳
,,冬莲
,,问萍
,,忆寒
,,尔珍
,,新梅
,,白曼
,,一一
,,安波
,,醉香
,,紫槐
,,傲易
,,冰菱
,,访曼
,,冷卉
,,乐儿
,,幼翠
,,孤兰
,,绮菱
,,觅夏
,,三颜
,,千风
,,碧灵
,,雨竹
,,平蓝
,,尔烟
,,冬菱
,,笑寒
,,冰露
,,诗筠
,,鸣凤
,,沛文
,,易文
,,绿凝
,,雁玉
,,梦曼
,,凌雪
,,怜晴
,,傲玉
,,幻儿
,,书萱
,,绮玉
,,诗霜
,,惜寒
,,惜梦
,,乐安
,,以蓝
,,之瑶
,,夏寒
,,丹亦
,,凌珍
,,问寒
,,访梦
,,新蕾
,,书文
,,平凡
,,如天
,,怀柔
,,语柔
,,宛丝
,,南蕾
,,迎海
,,代芹
,,巧曼
,,代秋
,,慕梅
,,幼蓉
,,亦寒
,,冬易
,,丹云
,,丹寒
,,丹蝶
,,代真
,,翠梅
,,翠风
,,翠柏
,,翠安
,,从霜
,,从露
,,初之
,,初柔
,,初露
,,初蝶
,,采萱
,,采蓝
,,采白
,,冰烟
,,冰彤
,,冰巧
,,傲云
,,凝冬
,,雁凡
,,书翠
,,千凡
,,半青
,,惜儿
,,曼凡
,,乐珍
,,新柔
,,翠萱
,,飞瑶
,,幻露
,,梦蕊
,,安露
,,晓露
,,白枫
,,怀薇
,,雁露
,,梦竹
,,盼柳
,,沛岚
,,夜南
,,香寒
,,山柏
,,雁易
,,静珊
,,雁蓉
,,千易
,,笑萍
,,从雪
,,书雁
,,曼雁
,,晓丝
,,念蕾
,,雅柔
,,采柳
,,易绿
,,向卉
,,惜文
,,冰兰
,,尔安
,,语芹
,,晓山
,,秋蝶
,,曼卉
,,凝梦
,,向南
,,念文
,,冰蓝
,,听南
,,慕凝
,,如容
,,亦凝
,,乐菱
,,怀蝶
,,惜筠
,,冬萱
,,初南
,,含桃
,,语风
,,白竹
,,夏瑶
,,雅绿
,,怜雪
,,从菡
,,访波
,,安青
,,觅柔
,,雅青
,,白亦
,,宛凝
,,安阳
,,苞络
