achievementId,achievementName,achievementType,description1,description2,rewardType,rewardNum,data1,rewardQuantity1,data2,rewardQuantity2,data3,rewardQuantity3,data4,rewardQuantity4,data5,rewardQuantity5,data6,rewardQuantity6,data7,rewardQuantity7,data8,rewardQuantity8,data9,rewardQuantity9,data10,rewardQuantity10
1,投桃报李,recharge,充值达,元,peach,7,2,30,18,100,54,200,198,500,486,1000,980,1500,1980,3000,,,,,,
2,嗜桃成性,peach_used_num,使用了,个蟠桃,exp,10,100,30000,300,50000,800,100000,2000,150000,4000,200000,6000,250000,10000,300000,15000,400000,20000,500000,30000,600000
3,广结善缘,unlock_buddha_num,获得,个神仙,ginsengfruit,8,2,1,3,1,5,2,7,2,10,3,13,3,16,4,20,4,,,,
4,高不可攀,level10_buddha_num,有,个神仙达到十级,peach,3,1,10,5,30,15,100,,,,,,,,,,,,,,
5,法力无边,level20_buddha_num,有,个神仙达到20级,peach,5,1,50,3,100,5,150,10,200,15,300,,,,,,,,,,
6,独辟蹊径,exp_buy,通过商店购买,经验,peach,7,5000,5,20000,10,100000,20,400000,50,1000000,75,5000000,250,10000000,500,,,,,,
7,固若金汤,level10_tower_property_num,宝塔或唐僧有,项能力达到十级,exp,6,1,5000,2,10000,4,30000,6,50000,8,100000,10,150000,,,,,,,,
8,鞠躬尽瘁,lose_num,关卡失败,次,exp,10,1,10000,3,20000,5,30000,10,50000,20,50000,50,100000,100,200000,200,300000,500,400000,999,500000
9,普度众生,unlock_monster_num,降服,个妖怪,essence,9,3,1000,5,1000,10,2000,15,2000,20,3000,25,3000,30,4000,35,4000,40,5000,,
10,西游大师,stage_progress,通过了,关,sweep,7,10,10,20,10,30,15,40,15,50,20,60,20,70,30,,,,,,
