goodsId,goodsName,goodsType,Id,pic,desc,num,price,costType,isDiscount
1,扫荡券,sweep,,shop/saodang.png,限时8折，扫荡关卡时必备的道具。,5,12,0,80
2,扫荡券,sweep,,shop/saodang.png,限时8折，扫荡关卡时必备的道具。,15,36,0,80
3,扫荡券,sweep,,shop/saodang.png,限时8折，扫荡关卡时必备的道具。,25,60,0,80
4,扫荡券,sweep,,shop/saodang.png,限时8折，扫荡关卡时必备的道具。,50,120,0,80
5,经验礼包,exp,,shop/gift1.png,四折特惠经验礼包,100000,40,0,40
6,大经验礼包,exp,,shop/gift2.png,四折特惠经验礼包,500000,200,0,40
7,超级经验礼包,exp,,shop/gift3.png,四折特惠经验礼包,1000000,400,0,40
8,经验礼包,exp,,shop/gift1.png,六折特惠经验礼包,100000,60,0,60
9,大经验礼包,exp,,shop/gift2.png,六折特惠经验礼包,500000,300,0,60
10,超级经验礼包,exp,,shop/gift3.png,六折特惠经验礼包,1000000,600,0,60
11,经验礼包,exp,,shop/gift1.png,八折特惠经验礼包,100000,80,0,80
12,大经验礼包,exp,,shop/gift2.png,八折特惠经验礼包,500000,400,0,80
13,超级经验礼包,exp,,shop/gift3.png,八折特惠经验礼包,1000000,800,0,80
14,奔波霸碎片,piece,3,monster_piece_icon/piece3.png,奔波霸碎片40片，集齐200片奔波兄弟取经路上每天给你讲段子,40,5,0,0
15,白骨精碎片,piece,11,monster_piece_icon/piece11.png,白骨精碎片60片，集齐300片骨干少女，陪着八戒去降妖,60,40,0,0
16,琵琶精碎片,piece,12,monster_piece_icon/piece12.png,琵琶精碎片300片，集齐1500片获取女神琵琶精,300,75,0,0
17,万圣龙王碎片,piece,14,monster_piece_icon/piece14.png,万圣龙王碎片200片，集齐1000片获取万圣龙王,200,60,0,0
18,牛魔王碎片,piece,16,monster_piece_icon/piece16.png,牛魔王碎片400片，集齐2000片牛头大哥为你所用,400,300,0,0
19,狮子精碎片,piece,17,monster_piece_icon/piece17.png,狮子精碎片200片，集齐1000片你也可以开始吼吼吼,200,60,0,0
20,红孩儿碎片,piece,18,monster_piece_icon/piece18.png,红孩儿碎片200片，集齐1000片坑爹红孩儿认你做干爹,200,60,0,0
21,灵感大王碎片,piece,19,monster_piece_icon/piece19.png,灵感大王碎片200片，集齐1000片灵感大王陪你去取经,200,60,0,0
22,女儿国王碎片,piece,20,monster_piece_icon/piece20.png,女儿国王碎片300片，集齐1500片唐僧不用再过双十一,300,75,0,0
23,黄眉怪碎片,piece,21,monster_piece_icon/piece21.png,黄眉怪碎片200片，集齐1000片黄眉老儿为你指点江山,200,60,0,0
24,奎木狼碎片,piece,22,monster_piece_icon/piece22.png,奎木狼碎片240片，集齐1200片七匹狼你值得拥有,240,80,0,0
25,金角银角碎片,piece,23,monster_piece_icon/piece23.png,金角银角碎片200片，集齐1000片哥俩陪你取经,200,60,0,0
26,铁扇公主碎片,piece,24,monster_piece_icon/piece24.png,铁扇公主碎片400片，集齐2000片牛头嫂嫂也决定加入队伍,400,300,0,0
27,金翅大鹏碎片,piece,25,monster_piece_icon/piece25.png,金翅大鹏碎片500片，集齐2500片酷拽叼到没朋友的大鹏你值得拥有,500,600,0,0
28,雷震蛋,buddha,3,buddha_icon/buddha3.png,基础血量:300，基础攻击:162，取经必备之茶叶蛋,1,200,0,0
29,猪八戒,buddha,8,buddha_icon/buddha8.png,基础血量:1500，基础攻击:26，最佳男配角,1,300,0,0
30,嫦娥,buddha,9,buddha_icon/buddha9.png,基础血量:240，基础攻击:48，比基尼女汉纸,1,400,0,0
31,五道杠哪吒,buddha,10,buddha_icon/buddha10.png,基础血量:800，基础攻击:540，生来就能打妖精,1,500,0,0
32,哮天犬,buddha,11,buddha_icon/buddha11.png,基础血量:900，基础攻击:2160，二郎神跟他混,1,500,0,0
33,巨灵神,buddha,12,buddha_icon/buddha12.png,基础血量:1250，基础攻击:503，爱穿滑板鞋的巨人,1,400,0,0
34,太上老君,buddha,13,buddha_icon/buddha13.png,基础血量:200，基础攻击:270，传说总有偏方,1,500,0,0
35,赤脚大仙,buddha,15,buddha_icon/buddha15.png,基础血量:800，基础攻击:630，穿鞋只穿鸿星尔克,1,300,0,0
36,蛤蟆精,buddha,33,monster_icon/monster1.png,妖怪兵种，成熟兵种，即召即用。基础血量:200，基础攻击:35,1,20,0,0
37,蟹将,buddha,34,monster_icon/monster2.png,妖怪兵种，成熟兵种，即召即用。基础血量:80，基础攻击:21,1,20,0,0
38,奔波灞和霸波奔,buddha,35,monster_icon/monster3.png,妖怪兵种，成熟兵种，即召即用。基础血量:160，基础攻击:28,1,20,0,0
39,混世魔王,buddha,36,monster_icon/monster4.png,妖怪兵种，成熟兵种，即召即用。基础血量:800，基础攻击:143,1,192,0,0
40,钻风大王,buddha,37,monster_icon/monster5.png,妖怪兵种，成熟兵种，即召即用。基础血量:1200，基础攻击:86,1,240,0,0
41,泥马怪,buddha,38,monster_icon/monster6.png,妖怪兵种，成熟兵种，即召即用。基础血量:640，基础攻击:143,1,210,0,0
42,魑魅魍魉,buddha,39,monster_icon/monster7.png,妖怪兵种，成熟兵种，即召即用。基础血量:200，基础攻击:42,1,252,0,0
43,伪·九尾狐狸,buddha,40,monster_icon/monster8.png,妖怪兵种，成熟兵种，即召即用。基础血量:480，基础攻击:71,1,318,0,0
44,百眼魔君,buddha,41,monster_icon/monster9.png,妖怪兵种，成熟兵种，即召即用。基础血量:1200，基础攻击:115,1,288,0,0
45,黑熊精,buddha,42,monster_icon/monster10.png,妖怪兵种，成熟兵种，即召即用。基础血量:2240，基础攻击:215,1,432,0,0
46,白骨精,buddha,43,monster_icon/monster11.png,妖怪兵种，成熟兵种，即召即用。基础血量:4000，基础攻击:287,1,200,0,0
47,琵琶精,buddha,44,monster_icon/monster12.png,妖怪兵种，成熟兵种，即召即用。基础血量:8000，基础攻击:1295,1,375,0,0
48,青牛精,buddha,45,monster_icon/monster13.png,妖怪兵种，成熟兵种，即召即用。基础血量:2800，基础攻击:360,1,576,0,0
49,万圣龙王,buddha,46,monster_icon/monster14.png,妖怪兵种，成熟兵种，即召即用。基础血量:9600，基础攻击:1440,1,200,0,0
50,惨叫鸡,buddha,47,monster_icon/monster15.png,妖怪兵种，成熟兵种，即召即用。基础血量:400，基础攻击:115,1,174,0,0
51,牛魔王,buddha,48,monster_icon/monster16.png,妖怪兵种，成熟兵种，即召即用。基础血量:20000，基础攻击:1440,1,1500,0,0
52,狮子精,buddha,49,monster_icon/monster17.png,妖怪兵种，成熟兵种，即召即用。基础血量:16000，基础攻击:1727,1,300,0,0
53,红孩儿,buddha,50,monster_icon/monster18.png,妖怪兵种，成熟兵种，即召即用。基础血量:8000，基础攻击:1151,1,300,0,0
54,灵感大王,buddha,51,monster_icon/monster19.png,妖怪兵种，成熟兵种，即召即用。基础血量:30400，基础攻击:935,1,300,0,0
55,女儿国王,buddha,52,monster_icon/monster20.png,妖怪兵种，成熟兵种，即召即用。基础血量:16000，基础攻击:143,1,375,0,0
56,黄眉怪,buddha,53,monster_icon/monster21.png,妖怪兵种，成熟兵种，即召即用。基础血量:12000，基础攻击:647,1,300,0,0
57,奎木狼,buddha,54,monster_icon/monster22.png,妖怪兵种，成熟兵种，即召即用。基础血量:17600，基础攻击:1440,1,400,0,0
58,金角银角,buddha,55,monster_icon/monster23.png,妖怪兵种，成熟兵种，即召即用。基础血量:80，基础攻击:4320,1,300,0,0
59,铁扇公主,buddha,56,monster_icon/monster24.png,妖怪兵种，成熟兵种，即召即用。基础血量:120000，基础攻击:1007,1,1500,0,0
60,金翅大鹏,buddha,57,monster_icon/monster25.png,妖怪兵种，成熟兵种，即召即用。基础血量:160000，基础攻击:2880,1,3000,0,0
61,蛤蟆王,buddha,58,monster_icon/monster51.png,妖怪兵种，成熟兵种，即召即用。基础血量:70000，基础攻击:57,1,1350,0,0
62,虾兵,buddha,59,monster_icon/monster52.png,妖怪兵种，成熟兵种，即召即用。基础血量:103，基础攻击:13,1,57,0,0
63,悍匪矬山雕,buddha,60,monster_icon/monster53.png,妖怪兵种，成熟兵种，即召即用。基础血量:71，基础攻击:11,1,18,0,0
64,金鱼考斯,buddha,63,monster_icon/monster100.png,妖怪兵种，成熟兵种，即召即用。基础血量:2800，基础攻击:143,1,620,0,0
65,步兵小龙女,buddha,66,buddha_icon/buddha66.png,基础血量:900，基础攻击:2160，传说中的白富美,1,1800,0,0
66,王藏地,buddha,68,buddha_icon/buddha68.png,基础血量:1800，基础攻击:2591，扫地僧闭门弟子,1,1000,0,0
67,天兵小王,buddha,1,buddha_icon/buddha1.png,神仙兵种，具备较高成长性。基础血量:120，基础攻击:14,1,50,0,0
68,天将张狗蛋,buddha,2,buddha_icon/buddha2.png,神仙兵种，具备较高成长性。基础血量:600，基础攻击:4,1,80,0,0
69,酱油沙僧,buddha,4,buddha_icon/buddha4.png,神仙兵种，具备较高成长性。基础血量:200，基础攻击:45,1,100,0,0
70,妄想症白龙马,buddha,5,buddha_icon/buddha5.png,神仙兵种，具备较高成长性。基础血量:500，基础攻击:23,1,250,0,0
71,喵道人,buddha,6,buddha_icon/buddha6.png,神仙兵种，具备较高成长性。基础血量:400，基础攻击:180,1,250,0,0
72,三太子,buddha,14,buddha_icon/buddha14.png,神仙兵种，具备较高成长性。基础血量:360，基础攻击:323,1,250,0,0
73,赛文奥特刚,buddha,70,buddha_icon/buddha70.png,基础血量:700，基础攻击:330，右手十分强壮,1,1000,0,0
74,肥美小肉龟,buddha,72,buddha_icon/buddha72.png,基础血量:2000，基础攻击:150，铁打的龟壳很耐抗,1,1800,0,0
75,刑天,buddha,74,buddha_icon/buddha74.png,基础血量:1800，基础攻击:2030，来自地狱的强大,1,1800,0,0
76,俗家弟子,buddha,76,monster_icon/monster101.png,妖怪兵种，成熟兵种，即召即用。基础血量:1200，基础攻击:143,1,100,0,0
77,毛球,buddha,77,monster_icon/monster102.png,妖怪兵种，成熟兵种，即召即用。基础血量:640，基础攻击:143,1,100,0,0
78,雷震蛋,buddha,3,buddha_icon/buddha3.png,限时8折领走雷震蛋，基础血量:300，基础攻击:162,1,160,0,80
79,猪八戒,buddha,8,buddha_icon/buddha8.png,限时8折领走八戒兄，基础血量:1500，基础攻击:26,1,240,0,80
80,太上老君,buddha,13,buddha_icon/buddha13.png,限时8折领走老君爷爷，基础血量:200，基础攻击:270,1,400,0,80
81,赤脚大仙,buddha,15,buddha_icon/buddha15.png,限时8折领走大脚兄，基础血量:800，基础攻击:630,1,240,0,80
82,巨灵神,buddha,12,buddha_icon/buddha12.png,限时8折领走，基础血量:1250，基础攻击:503,1,320,0,80
83,哮天犬,buddha,11,buddha_icon/buddha11.png,限时8折领走，基础血量:900，基础攻击:2160,1,400,0,80
84,嫦娥,buddha,9,buddha_icon/buddha9.png,限时8折领走女神，基础血量:240，基础攻击:48,1,320,0,80
85,王藏地,buddha,68,buddha_icon/buddha68.png,限时8折领走大湿，基础血量:1800，基础攻击:2591,1,800,0,80
86,赛文奥特刚,buddha,70,buddha_icon/buddha70.png,限时8折领走小刚，基础血量:700，基础攻击:330,1,800,0,80
87,肥美小肉龟,buddha,72,buddha_icon/buddha72.png,限时8折领走大肉龟，基础血量:2000，基础攻击:150,1,1440,0,80
88,刑天,buddha,74,buddha_icon/buddha74.png,限时8折领走王者刑天，基础血量:1800，基础攻击:2030,1,1440,0,80
89,五道杠哪吒,buddha,10,buddha_icon/buddha10.png,限时8折领走五道杠大队长，基础血量:800，基础攻击:540,1,400,0,80
90,琵琶精碎片,piece,12,monster_piece_icon/piece12.png,限时8折琵琶精碎片300片，集齐1500片获取女神琵琶精,300,60,0,80
91,万圣龙王碎片,piece,14,monster_piece_icon/piece14.png,限时8折万圣龙王碎片200片，集齐1000片获取万圣龙王,200,48,0,80
92,牛魔王碎片,piece,16,monster_piece_icon/piece16.png,限时8折牛魔王碎片400片，集齐2000片牛头大哥为你所用,400,240,0,80
93,狮子精碎片,piece,17,monster_piece_icon/piece17.png,限时8折狮子精碎片200片，集齐1000片你也可以开始吼吼吼,200,48,0,80
94,红孩儿碎片,piece,18,monster_piece_icon/piece18.png,限时8折红孩儿碎片200片，集齐1000片坑爹红孩儿认你做干爹,200,48,0,80
95,灵感大王碎片,piece,19,monster_piece_icon/piece19.png,限时8折灵感大王碎片200片，集齐1000片灵感大王陪你去取经,200,48,0,80
96,女儿国王碎片,piece,20,monster_piece_icon/piece20.png,限时8折女儿国王碎片300片，集齐1500片唐僧不用再过双十一,300,60,0,80
97,黄眉怪碎片,piece,21,monster_piece_icon/piece21.png,限时8折黄眉怪碎片200片，集齐1000片黄眉老儿为你指点江山,200,48,0,80
98,奎木狼碎片,piece,22,monster_piece_icon/piece22.png,限时8折奎木狼碎片240片，集齐1200片七匹狼你值得拥有,240,64,0,80
99,金角银角碎片,piece,23,monster_piece_icon/piece23.png,限时8折金角银角碎片200片，集齐1000片哥俩陪你取经,200,48,0,80
100,铁扇公主碎片,piece,24,monster_piece_icon/piece24.png,限时8折铁扇公主碎片400片，集齐2000片牛头嫂嫂也决定加入队伍,400,240,0,80
101,金翅大鹏碎片,piece,25,monster_piece_icon/piece25.png,限时8折金翅大鹏碎片500片，集齐2500片酷拽叼到没朋友的大鹏你值得拥有,500,480,0,80
102,奔波霸碎片,piece,3,monster_piece_icon/piece3.png,限时8折奔波霸碎片40片，集齐200片奔波兄弟取经路上每天给你讲段子,40,4,0,80
103,白骨精碎片,piece,11,monster_piece_icon/piece11.png,限时8折白骨精碎片60片，集齐300片骨干少女，陪着八戒去降妖,60,32,0,80
104,扫荡券,sweep,,shop/saodang.png,限时8折，扫荡关卡时必备的道具。,10,28,0,80
105,扫荡券,sweep,,shop/saodang.png,限时8折，扫荡关卡时必备的道具。,30,84,0,80
106,扫荡券,sweep,,shop/saodang.png,限时8折，扫荡关卡时必备的道具。,50,140,0,80
107,扫荡券,sweep,,shop/saodang.png,限时8折，扫荡关卡时必备的道具。,100,280,0,80
108,降龙,buddha,79,buddha_icon/buddha79.png,基础血量:1800，基础攻击:3100，逆天的降龙罗汉,1,3000,0,0
109,降龙,buddha,79,buddha_icon/buddha79.png,限时8折领走降龙，基础血量:1800，基础攻击:3100,1,2400,0,80
110,象大壮碎片,piece,32,monster_piece_icon/piece32.png,象大壮碎片500片，集齐2500片野蛮壮硕的大象你值得拥有,500,600,0,0
111,象大壮碎片,piece,32,monster_piece_icon/piece32.png,限时8折象大壮碎片500片，集齐2500片酷拽叼到没朋友的大象你值得拥有,500,480,0,80
112,象大壮,buddha,78,monster_icon/monster103.png,妖怪兵种，成熟兵种，即召即用。基础血量:220000，基础攻击:2880,1,3000,0,0
113,嫦娥,buddha,9,buddha_icon/buddha9.png,基础血量:240，基础攻击:48，比基尼女汉纸,1,1000000,1,0
114,哮天犬,buddha,11,buddha_icon/buddha11.png,基础血量:900，基础攻击:2160，二郎神跟他混,1,5000000,1,0
115,巨灵神,buddha,12,buddha_icon/buddha12.png,基础血量:1250，基础攻击:503，爱穿滑板鞋的巨人,1,5000000,1,0
116,太上老君,buddha,13,buddha_icon/buddha13.png,基础血量:200，基础攻击:270，传说总有偏方,1,5000000,1,0
117,赤脚大仙,buddha,15,buddha_icon/buddha15.png,基础血量:800，基础攻击:630，穿鞋只穿鸿星尔克,1,4000000,1,0
118,琵琶精碎片,piece,12,monster_piece_icon/piece12.png,限时8折琵琶精碎片300片，集齐1500片获取女神琵琶精,300,850000,1,0
119,万圣龙王碎片,piece,14,monster_piece_icon/piece14.png,万圣龙王碎片200片，集齐1000片获取万圣龙王,200,550000,1,0
120,牛魔王碎片,piece,16,monster_piece_icon/piece16.png,牛魔王碎片400片，集齐2000片牛头大哥为你所用,400,2800000,1,0
121,狮子精碎片,piece,17,monster_piece_icon/piece17.png,狮子精碎片200片，集齐1000片你也可以开始吼吼吼,200,550000,1,0
122,红孩儿碎片,piece,18,monster_piece_icon/piece18.png,红孩儿碎片200片，集齐1000片坑爹红孩儿认你做干爹,200,550000,1,0
123,灵感大王碎片,piece,19,monster_piece_icon/piece19.png,灵感大王碎片200片，集齐1000片灵感大王陪你去取经,200,550000,1,0
124,女儿国王碎片,piece,20,monster_piece_icon/piece20.png,女儿国王碎片300片，集齐1500片唐僧不用再过双十一,300,750000,1,0
125,象大壮碎片,piece,32,monster_piece_icon/piece32.png,象大壮碎片500片，集齐2500片野蛮壮硕的大象你值得拥有,500,3000000,1,0
126,黄眉怪碎片,piece,21,monster_piece_icon/piece21.png,黄眉怪碎片200片，集齐1000片黄眉老儿为你指点江山,200,550000,1,0
127,奎木狼碎片,piece,22,monster_piece_icon/piece22.png,奎木狼碎片240片，集齐1200片七匹狼你值得拥有,240,700000,1,0
128,金角银角碎片,piece,23,monster_piece_icon/piece23.png,金角银角碎片200片，集齐1000片哥俩陪你取经,200,550000,1,0
129,铁扇公主碎片,piece,24,monster_piece_icon/piece24.png,铁扇公主碎片400片，集齐2000片牛头嫂嫂也决定加入队伍,360,2700000,1,0
130,金翅大鹏碎片,piece,25,monster_piece_icon/piece25.png,金翅大鹏碎片500片，集齐2500片酷拽叼到没朋友的大鹏你值得拥有,500,3000000,1,0
131,奔波霸碎片,piece,3,monster_piece_icon/piece3.png,奔波霸碎片40片，集齐200片奔波兄弟取经路上每天给你讲段子,40,75000,1,0
132,白骨精碎片,piece,11,monster_piece_icon/piece11.png,白骨精碎片60片，集齐300片骨干少女，陪着八戒去降妖,60,475000,1,0
133,黑无常,buddha,83,buddha_icon/buddha83.png,基础血量:1800，基础攻击:600，能攻能受的全能黑无常,1,3000,0,0
134,黑无常,buddha,83,buddha_icon/buddha83.png,限时8折领走黑无常，基础血量:1800，基础攻击:600,1,2400,0,80
135,冻冻大王,buddha,81,monster_icon/monster104.png,妖怪兵种，成熟兵种，即召即用。基础血量:78000，基础攻击:85,1,3000,0,0
136,木马怪,buddha,82,monster_icon/monster105.png,怨气十足木马怪，基础血量:3000，基础攻击:340,1,3000,0,0
137,冻冻大王碎片,piece,33,monster_piece_icon/piece33.png,冻冻大王碎片200片，集齐1000片呆萌可爱的冻冻大王无限欢乐！,200,60,0,0
138,冻冻大王碎片,piece,33,monster_piece_icon/piece33.png,限时8折冻冻大王碎片200片，集齐1000片获取呆萌大王！,200,48,0,80
139,冻冻大王碎片,piece,33,monster_piece_icon/piece33.png,冻冻大王碎片200片，集齐1000片呆萌可爱的冻冻大王无限欢乐！,200,750000,1,0
140,木马怪碎片,piece,34,monster_piece_icon/piece34.png,怨气十足木马怪,100,40,0,0
141,木马怪碎片,piece,34,monster_piece_icon/piece34.png,怨气十足木马怪,100,32,0,80
142,木马怪碎片,piece,34,monster_piece_icon/piece34.png,怨气十足木马怪,100,500000,1,0
143,伏虎,buddha,85,buddha_icon/buddha85.png,基础血量:1800，基础攻击:950，强悍精壮的伏虎为你助拳,1,3000,0,0
144,伏虎,buddha,85,buddha_icon/buddha85.png,限时8折领走伏虎，基础血量:1800，基础攻击:950,1,2400,0,80
145,孙悟空,buddha,7,buddha_icon/buddha7.png,基础血量:960，基础攻击:593，猴子派来的救兵,1,1500,0,0
146,孙悟空,buddha,7,buddha_icon/buddha7.png,限时8折领走悟空，基础血量:960，基础攻击:593，猴子派来的救兵,1,1200,0,80
147,暗黑破坏猴,buddha,98,monster_icon/monster115.png,破坏力滔天的破坏猴，碾碎面前所有的敌人。基础血量14W基础攻击3000,1,3000,0,0
148,暗黑破坏猴碎片,piece,38,monster_piece_icon/piece38.png,破坏猴碎片500片，集齐2500片恐怖的破坏猴你值得拥有,500,600,0,0
149,暗黑破坏猴碎片,piece,38,monster_piece_icon/piece38.png,破坏猴碎片500片，集齐2500片恐怖的破坏猴你值得拥有,500,480,0,80
150,暗黑破坏猴碎片,piece,38,monster_piece_icon/piece38.png,破坏猴碎片500片，集齐2500片恐怖的破坏猴你值得拥有,500,3000000,1,0
151,欠扁树妖,buddha,95,monster_icon/monster107.png,基础血量:1800，基础攻击:600，能攻能受的欠扁树妖,500,3000000,1,0
152,阿大,buddha,96,monster_icon/monster108.png,基础血量:1800，基础攻击:600，能攻能受的阿大,500,3000000,1,0
153,鼠大王,buddha,97,monster_icon/monster115.png,基础血量:1800，基础攻击:600，能攻能受的鼠大王,500,3000000,1,0
154,老君金丹,item,1,item/item3_big.png,七折出售珍贵道具，买买买,10,280,0,70
155,金刚盾,item,2,item/item1_big.png,七折出售珍贵道具，买买买,10,210,0,70
156,芭蕉扇,item,3,item/item2_big.png,七折出售珍贵道具，买买买,10,140,0,70
157,金钟罩,item,4,item/item4_big.png,七折出售珍贵道具，买买买,10,280,0,70
158,万字符,item,5,item/item5_big.png,七折出售珍贵道具，买买买,10,350,0,70
159,献宝令,item,6,item/item6_big.png,七折出售珍贵道具，买买买,10,350,0,70
160,老君金丹,item,1,item/item3_big.png,八折出售珍贵道具，买买买,5,160,0,80
161,金刚盾,item,2,item/item1_big.png,八折出售珍贵道具，买买买,5,120,0,80
162,芭蕉扇,item,3,item/item2_big.png,八折出售珍贵道具，买买买,5,80,0,80
163,金钟罩,item,4,item/item4_big.png,八折出售珍贵道具，买买买,5,160,0,80
164,万字符,item,5,item/item5_big.png,八折出售珍贵道具，买买买,5,200,0,80
165,献宝令,item,6,item/item6_big.png,八折出售珍贵道具，买买买,5,200,0,80
166,一枚人参果,renshen,,sign/renshen.png,打折出售偷来的一枚人参果,1,24,0,80
167,一盘人参果,renshen,,sign/renshen.png,一盘打折出售更加实惠,3,72,0,80
168,一桶人参果,renshen,,sign/renshen.png,一整桶人参果大甩卖了,5,105,0,70
169,一箱人参果,renshen,,sign/renshen.png,海关扣下来的珍贵人参果，底价出售,10,195,0,65
170,一集装箱人参果,renshen,,sign/renshen.png,只有土豪才吃得下的一集装箱人参果,50,900,0,60
171,少量精华石,essence,,summon_scene/essence_pic.png,天宫流出的少量精华石,500,20,0,0
172,一些精华石,essence,,summon_scene/essence_pic.png,天宫流出的一些精华石,2000,80,0,0
173,大量精华石,essence,,summon_scene/essence_pic.png,天宫流出的大量精华石,5000,180,0,90
174,巨量精华石,essence,,summon_scene/essence_pic.png,巨量的精华石,10000,340,0,85
175,无量精华石,essence,,summon_scene/essence_pic.png,看不清数量的精华石,50000,1500,0,75
176,水果商人后羿,buddha,64,buddha_icon/buddha64.png,强大的远程范围火力，买了就知道！,1,1200,0,0
177,水果商人后羿,buddha,64,buddha_icon/buddha64.png,八折出售强大的远程范围火力啦,1,960,0,80
178,鼠大王,buddha,97,monster_icon/monster115.png,基础血量:1800，基础攻击:600，能攻能受的鼠大王,500,3000000,1,0
179,九天玄女,buddha,61,buddha_icon/buddha61.png,充值50就送,1,1000,0,0
180,太一真人,buddha,102,buddha_icon/buddha102.png,充值300就送,1,3000,0,0
181,无法无天碎片,piece,39,monster_piece_icon/piece39.png,邪恶大魔王无法无天碎片500个,500,3000,0,0
182,精华石小礼包,essence,,summon_scene/essence_pic.png,天宫流出的一些精华石,30000,500,0,0
183,精华石大礼包,essence,,summon_scene/essence_pic.png,天宫流出的一堆精华石,150000,1500,0,0
184,小张太子,buddha,108,buddha_icon/buddha108.png,别看我很弱小，其实我很强大！,1,1000,0,0
185,钟馗,buddha,110,buddha_icon/buddha110.png,强大的中程范围火力，买了就知道！,1,3000,0,0

