,shopcell1,shopcell2,shopcell3,shopcell4,shopcell5,shopcell6,shopcell7,shopcell8,shopcell9,shopcell10
itempool1,1,0,0,0,0,0,0,0,0,0
itempool2,0,1,0,0,0,0,0,0,0,0
itempool3,0,0,1,0,0,0,0,0,0,0
itempool4,0,0,0,1,0,0,0,0,0,0
itempool5,0,0,0,0,1,0,0,0,0,0
itempool6,0,0,0,0,0,0,0,0,0,0
itempool7,0,0,0,0,0,0,0,0,0,0
itempool8,0,0,0,0,0,1,0,0,0,0
itempool9,0,0,0,0,0,0,0.01,0.25,0.25,0
itempool10,0,0,0,0,0,0,0.01,0.02,0.02,0
itempool11,0,0,0,0,0,0,0.02,0.25,0.25,0
itempool12,0,0,0,0,0,0,0.02,0.13,0.13,0
itempool13,0,0,0,0,0,0,0,0,0,1
itempool14,0,0,0,0,0,0,0.04,0.35,0.35,0
itempool15,0,0,0,0,0,0,0.3,0,0,0
itempool16,0,0,0,0,0,0,0.15,0,0,0
itempool17,0,0,0,0,0,0,0.3,0,0,0
itempool18,0,0,0,0,0,0,0.15,0,0,0
