strategyId,monsterID1,monsterID2,monsterID3,monsterID4,monsterID5,monsterID6,monsterID7,monsterID8,monsterID9,monsterID10,intervalTime
1,1,1,1,1,1,1,0,0,0,0,8
2,1,1,1,1,0,0,0,0,0,0,0
3,101,1,1,1,1,1,1,1,1,1,3
4,1,2,1,2,1,2,1,2,0,0,8
5,1,2,1,2,1,0,0,0,0,0,0
6,102,1,2,1,2,102,1,2,1,2,3
7,1,2,3,1,2,3,1,2,3,0,8
8,1,2,3,1,2,3,0,0,0,0,0
9,103,1,2,3,103,1,2,3,103,0,3
10,1,1,2,2,3,3,4,4,0,0,8
11,1,2,3,4,4,4,4,4,4,4,3
12,104,1,2,3,4,104,1,2,3,4,3
13,1,5,5,4,4,3,3,2,2,1,8
14,5,5,5,5,0,0,0,0,0,0,0
15,105,1,2,3,4,5,105,1,5,5,3
16,6,6,6,5,5,4,4,3,3,2,8
17,6,6,6,6,0,0,0,0,0,0,0
18,6,5,6,4,6,3,6,2,6,6,3
19,106,5,4,3,2,1,0,0,0,0,3
20,7,7,7,7,7,7,7,7,7,107,10
21,7,6,5,4,3,7,6,5,4,3,3
22,7,7,7,7,0,0,0,0,0,0,0
23,7,7,6,6,5,5,107,4,4,3,8
24,108,4,3,2,1,108,4,3,2,1,8
25,8,8,8,8,8,8,8,8,8,8,3
26,8,8,4,4,3,3,2,2,1,1,1.5
27,8,8,8,8,8,8,0,0,0,0,0
28,109,9,9,9,9,9,9,9,9,9,8
29,109,9,9,9,0,0,0,0,0,0,0
30,8,7,6,5,8,7,6,5,0,0,3
31,109,8,7,6,5,109,8,7,6,5,8
32,10,10,10,10,10,10,10,10,0,0,8
33,10,9,8,7,6,10,9,8,7,6,3
34,110,10,10,110,10,10,9,8,7,6,8
35,110,110,110,10,9,8,7,6,10,10,3
36,11,11,11,10,9,8,7,11,11,11,8
37,11,11,11,11,0,0,0,0,0,0,0
38,111,111,10,9,8,7,10,9,8,7,8
39,111,11,11,11,10,9,8,7,11,111,8
40,12,12,12,12,11,11,11,11,11,12,8
41,10,9,8,10,9,8,10,9,8,11,1.5
42,112,12,12,11,11,112,12,12,11,11,8
43,12,11,10,9,8,112,11,10,9,8,3
44,13,13,13,113,13,13,13,113,13,13,9
45,113,13,13,13,13,0,0,0,0,0,0
46,10,12,11,113,9,9,12,11,10,113,8
47,113,13,13,13,12,11,10,9,113,13,4
48,114,0,0,0,0,0,0,0,0,0,12
49,14,13,12,11,10,10,11,12,13,14,3
50,14,14,14,14,0,0,0,0,0,0,0
51,10,10,11,11,12,12,13,13,14,114,8
52,15,15,14,14,13,13,12,12,11,11,8
53,115,11,11,14,14,115,13,13,12,12,9
54,15,15,15,15,15,15,15,15,15,15,8
55,14,13,12,11,15,14,13,12,11,15,4
56,115,15,15,15,0,0,0,0,0,0,0
57,16,6,16,6,16,6,16,6,16,6,3
58,116,16,16,6,6,0,0,0,0,0,0
59,16,16,15,15,14,14,13,13,6,6,8
60,116,16,16,16,16,16,16,116,16,16,9
61,15,14,13,6,16,116,16,16,6,6,4
62,17,7,17,7,17,7,17,7,17,7,3
63,117,17,17,7,7,0,0,0,0,0,0
64,17,17,16,16,15,15,14,14,7,7,8
65,117,17,17,17,17,17,17,117,17,17,9
66,16,15,14,7,17,117,17,17,7,7,4
67,118,18,18,0,0,0,0,0,0,0,0
68,12,12,13,13,14,14,15,15,18,18,4
69,18,15,14,13,12,18,15,14,13,12,3
70,18,18,118,18,18,118,15,14,13,12,8
71,12,13,14,15,18,12,13,14,15,18,4
72,19,19,19,19,19,19,19,19,19,19,3
73,19,19,119,119,19,19,19,19,19,19,4
74,18,15,14,13,18,15,14,13,19,19,8
75,19,19,19,19,0,0,0,0,0,0,0
76,119,19,18,18,15,15,14,14,13,13,4
77,120,20,20,20,20,120,20,20,20,20,9
78,20,20,19,19,18,18,15,15,14,14,3
79,120,20,20,0,0,0,0,0,0,0,0
80,20,20,20,20,19,19,19,19,20,19,2
81,14,15,18,19,120,14,15,18,18,20,8
82,21,21,20,20,21,21,19,19,21,18,4
83,121,20,20,19,19,18,18,15,15,0,8
84,121,21,21,0,0,0,0,0,0,0,0
85,15,18,19,20,21,15,18,19,20,21,3
86,121,21,21,20,19,18,15,21,21,21,4
87,22,0,0,0,0,0,0,0,0,0,15
88,21,21,20,20,19,19,18,18,0,0,4
89,22,21,20,19,18,22,21,20,19,18,8
90,122,21,21,21,22,21,21,21,22,21,8
91,20,20,19,19,18,18,21,21,22,0,8
92,23,23,23,23,23,0,0,0,0,0,0
93,23,23,22,22,21,21,20,20,19,19,7
94,123,22,22,21,21,20,20,19,19,123,8
95,23,23,23,23,23,23,23,23,23,23,4
96,123,23,22,21,20,19,19,22,21,20,1.5
97,24,19,19,19,24,19,19,19,0,0,8
98,124,19,24,23,22,21,23,22,21,19,8
99,124,24,24,0,0,0,0,0,0,0,1.5
100,23,23,22,22,21,21,24,24,19,19,8
101,124,19,19,19,19,24,19,19,19,19,3
102,24,23,22,21,21,24,23,22,21,21,8
103,25,24,21,21,21,25,24,21,21,21,4
104,125,25,25,0,0,0,0,0,0,0,3
105,21,21,21,21,21,22,22,22,22,22,1.5
106,23,23,23,23,23,24,24,24,24,24,2
107,25,21,21,25,21,21,25,22,22,22,4
108,22,23,24,25,22,23,24,25,26,26,4
109,22,22,22,22,23,23,23,23,0,0,8
110,26,26,26,0,0,0,0,0,0,0,0
111,22,23,24,25,26,23,24,25,26,22,8
112,126,22,22,23,23,24,24,0,0,0,8
113,22,23,24,25,26,22,23,24,25,26,3
114,6,6,6,6,6,16,16,16,16,16,4
115,27,6,6,27,6,6,27,16,6,6,3
116,27,27,6,6,6,6,0,0,0,0,0
117,127,27,27,27,27,6,6,16,16,0,8
118,26,26,25,25,16,16,6,6,6,6,3
119,27,27,26,26,127,6,6,25,25,0,7
120,7,7,7,7,7,17,17,17,17,17,4
121,28,7,7,28,7,7,28,17,7,7,3
122,28,28,7,7,7,7,0,0,0,0,0
123,128,28,28,28,28,7,7,17,17,0,8
124,27,27,26,26,17,17,7,7,7,7,3
125,28,28,27,27,128,7,7,26,26,0,7
126,29,4,4,4,4,4,4,4,4,29,4
127,4,4,4,4,4,4,4,4,4,4,0
128,129,26,26,26,26,27,27,27,27,29,8
129,4,4,4,4,4,4,4,4,4,4,0
130,29,28,28,27,27,26,26,29,4,4,3
131,129,4,4,4,4,4,4,4,4,4,4
132,5,5,5,5,5,10,10,10,10,10,4
133,30,5,5,10,10,30,5,5,10,10,4
134,30,30,10,10,5,5,0,0,0,0,0
135,130,10,10,5,5,28,28,29,29,0,8
136,29,29,28,28,5,5,10,10,30,0,3
137,130,30,30,5,5,10,10,28,28,29,9
138,27,28,29,30,31,27,28,29,30,31,8
139,31,31,31,0,0,0,0,0,0,0,0
140,27,27,28,28,29,29,30,30,0,0,4
141,131,27,27,27,27,28,28,28,28,28,8
142,31,31,31,31,27,27,28,28,29,29,3
143,131,27,28,29,30,31,30,29,28,27,9
144,28,29,30,31,32,28,29,30,31,32,8
145,32,32,32,0,0,0,0,0,0,0,0
146,28,28,29,29,30,30,31,31,0,0,4
147,132,28,28,28,28,29,29,29,29,29,8
148,32,32,32,32,28,28,29,29,30,30,3
149,132,28,29,30,31,32,31,30,29,28,9
150,29,30,31,32,33,29,30,31,32,33,8
151,33,33,33,0,0,0,0,0,0,0,0
152,29,29,30,30,31,31,32,32,0,0,4
153,133,29,29,29,29,30,30,30,30,30,8
154,33,33,33,33,29,29,30,30,31,31,3
155,133,29,30,31,32,33,32,31,30,29,9
156,30,31,32,33,34,30,31,32,33,34,8
157,34,34,34,0,0,0,0,0,0,0,0
158,30,30,31,31,32,32,33,33,0,0,4
159,134,30,30,30,30,31,31,31,31,31,8
160,34,34,34,34,30,30,31,31,32,32,3
161,134,30,31,32,33,34,33,32,31,30,9
162,31,32,33,34,35,31,32,33,34,35,8
163,35,35,35,0,0,0,0,0,0,0,0
164,31,31,32,32,33,33,34,34,0,0,4
165,135,31,31,31,31,32,32,32,32,32,8
166,35,35,35,35,31,31,32,32,33,33,3
167,135,31,32,33,34,35,34,33,32,31,9
168,32,33,34,35,36,32,33,34,35,36,8
169,36,36,36,0,0,0,0,0,0,0,0
170,32,32,33,33,34,34,35,35,0,0,4
171,136,32,32,32,32,33,33,33,33,33,8
172,36,36,36,36,32,32,33,33,34,34,3
173,136,32,33,34,35,36,35,34,33,32,9
174,19,19,24,24,19,19,19,24,24,24,4
175,37,19,19,19,19,24,24,0,0,0,0
176,35,35,36,36,19,19,24,24,37,0,8
177,137,19,24,35,36,37,19,24,35,36,8
178,37,19,19,19,19,19,19,19,19,19,3
179,137,24,24,24,24,24,24,24,24,24,8
180,29,29,29,29,29,29,29,29,29,29,8
181,38,29,29,0,0,0,0,0,0,0,0
182,29,35,36,37,38,29,35,36,37,38,8
183,138,29,35,36,37,38,29,35,36,37,8
184,38,29,29,29,29,29,29,29,29,29,3
185,138,35,35,36,36,38,29,29,29,29,8
186,39,35,36,37,38,35,36,37,38,0,9
187,35,35,35,35,35,35,35,35,35,35,1.5
188,36,36,36,36,36,36,36,36,36,36,1.5
189,139,0,0,0,0,0,0,0,0,0,12
190,37,37,37,37,37,37,37,37,37,37,1.5
191,38,38,38,38,38,38,38,38,38,38,1.5
192,35,35,36,36,37,37,38,38,0,0,0
193,40,35,36,37,38,35,36,37,38,0,9
194,41,35,36,37,38,35,36,37,38,0,9
195,42,35,36,37,38,35,36,37,38,0,9
196,43,35,36,37,38,35,36,37,38,0,9
197,44,35,36,37,38,35,36,37,38,0,9
198,45,35,36,37,38,35,36,37,38,0,9
199,46,35,36,37,38,35,36,37,38,0,9
200,140,0,0,0,0,0,0,0,0,0,12
201,141,0,0,0,0,0,0,0,0,0,12
202,142,0,0,0,0,0,0,0,0,2,12
203,143,0,0,0,0,0,0,0,0,3,12
204,144,0,0,0,0,0,0,0,0,4,12
205,145,0,0,0,0,0,0,0,0,5,12
206,146,0,0,0,0,0,0,0,0,6,12
207,39,37,38,37,38,37,37,38,38,0,9
208,40,38,37,38,37,38,38,37,37,0,9
209,139,37,37,37,37,37,37,37,37,37,8
210,37,37,37,37,38,38,38,38,37,38,2
211,140,38,38,38,38,38,38,38,38,38,8
212,38,38,38,38,37,37,37,37,38,37,2
213,37,37,37,37,37,38,38,38,38,38,0
214,41,37,38,37,38,37,37,38,38,0,9
215,43,37,38,37,38,37,37,38,38,0,9
216,45,37,38,37,38,37,37,38,38,0,9
217,42,38,37,38,37,38,38,37,37,0,9
218,44,38,37,38,37,38,38,37,37,0,9
219,46,38,37,38,37,38,38,37,37,0,9
220,141,37,37,37,37,37,37,37,37,37,8
221,143,37,37,37,37,37,37,37,37,37,8
222,145,37,37,37,37,37,37,37,37,37,8
223,142,38,38,38,38,38,38,38,38,38,8
224,144,38,38,38,38,38,38,38,38,38,8
225,146,38,38,38,38,38,38,38,38,38,8
1020,207,107,107,107,107,107,107,107,107,107,8
1021,107,106,105,104,103,107,106,105,104,103,3
1022,107,107,107,107,0,0,0,0,0,0,0
1023,107,107,106,106,105,105,207,104,104,103,8
1024,208,104,103,102,101,208,104,103,102,101,8
1025,108,108,108,108,108,108,108,108,108,108,3
1026,108,108,104,104,103,103,102,102,101,101,1.5
1027,108,108,108,108,108,108,0,0,0,0,0
1028,209,109,109,109,109,109,109,109,109,109,8
1029,209,109,109,109,0,0,0,0,0,0,0
1030,108,107,106,105,108,107,106,105,0,0,3
1031,209,108,107,106,105,209,108,107,106,105,8
1032,110,110,110,110,110,110,110,110,0,0,8
1033,110,109,108,107,106,110,109,108,107,106,3
1034,210,110,110,210,110,110,109,108,107,106,8
1035,210,210,210,110,109,108,107,106,110,110,3
1036,111,111,111,110,109,108,107,111,111,111,8
1037,111,111,111,111,0,0,0,0,0,0,0
1038,211,211,110,109,108,107,110,109,108,107,8
1039,211,111,111,111,110,109,108,107,111,211,8
1040,112,112,112,112,111,111,111,111,111,112,8
1041,110,109,108,110,109,108,110,109,108,111,1.5
1042,212,112,112,111,111,212,112,112,111,111,8
1043,112,111,110,109,108,212,111,110,109,108,3
1044,113,113,113,213,113,113,113,213,113,113,9
1045,213,113,113,113,113,0,0,0,0,0,0
1046,110,112,111,213,109,109,112,111,110,213,8
1047,213,113,113,113,112,111,110,109,213,113,4
1048,214,0,0,0,0,0,0,0,0,0,12
1049,114,113,112,111,110,110,111,112,113,114,3
1050,114,114,114,114,0,0,0,0,0,0,0
1051,110,110,111,111,112,112,113,113,114,214,8
1052,115,115,114,114,113,113,112,112,111,111,8
1053,215,111,111,114,114,215,113,113,112,112,9
1054,115,115,115,115,115,115,115,115,115,115,8
1055,114,113,112,111,115,114,113,112,111,115,4
1056,215,115,115,115,0,0,0,0,0,0,0
1057,116,106,116,106,116,106,116,106,116,106,3
1058,216,116,116,106,106,0,0,0,0,0,0
1059,116,116,115,115,114,114,113,113,106,106,8
1060,216,116,116,116,116,116,116,216,116,116,9
1061,115,114,113,106,116,216,116,116,106,106,4
1062,117,107,117,107,117,107,117,107,117,107,3
1063,217,117,117,107,107,0,0,0,0,0,0
1064,117,117,116,116,115,115,114,114,107,107,8
1065,217,117,117,117,117,117,117,217,117,117,9
1066,116,115,114,107,117,217,117,117,107,107,4
1067,218,118,118,0,0,0,0,0,0,0,0
1068,112,112,113,113,114,114,115,115,118,118,4
1069,118,115,114,113,112,118,115,114,113,112,3
1070,118,118,218,118,118,218,115,114,113,112,8
1071,112,113,114,115,118,112,113,114,115,118,4
1072,119,119,119,119,119,119,119,119,119,119,3
1073,119,119,219,219,119,119,119,119,119,119,4
1074,118,115,114,113,118,115,114,113,119,119,8
1075,119,119,119,119,0,0,0,0,0,0,0
1076,219,119,118,118,115,115,114,114,113,113,4
1077,220,120,120,120,120,220,120,120,120,120,9
1078,120,120,119,119,118,118,115,115,114,114,3
1079,220,120,120,0,0,0,0,0,0,0,0
1080,120,120,120,120,119,119,119,119,120,119,2
1081,114,115,118,119,220,114,115,118,118,120,8
1082,121,121,120,120,121,121,119,119,121,118,4
1083,221,120,120,119,119,118,118,115,115,0,8
1084,221,121,121,0,0,0,0,0,0,0,0
1085,115,118,119,120,121,115,118,119,120,121,3
1086,221,121,121,120,119,118,115,121,121,121,4
1087,122,0,0,0,0,0,0,0,0,0,15
1088,121,121,120,120,119,119,118,118,0,0,4
1089,122,121,120,119,118,122,121,120,119,118,8
1090,222,121,121,121,122,121,121,121,122,121,8
1091,120,120,119,119,118,118,121,121,122,0,8
1092,123,123,123,123,123,0,0,0,0,0,0
1093,123,123,122,122,121,121,120,120,119,119,7
1094,223,122,122,121,121,120,120,119,119,223,8
1095,123,123,123,123,123,123,123,123,123,123,4
1096,223,123,122,121,120,119,119,122,121,120,1.5
1097,124,119,119,119,124,119,119,119,0,0,8
1098,224,119,124,123,122,121,123,122,121,119,8
1099,224,124,124,0,0,0,0,0,0,0,1.5
1100,123,123,122,122,121,121,124,124,119,119,8
1101,224,119,119,119,119,124,119,119,119,119,3
1102,124,123,122,121,121,124,123,122,121,121,8
1103,125,124,121,121,121,125,124,121,121,121,4
1104,225,125,125,0,0,0,0,0,0,0,3
1105,121,121,121,121,121,122,122,122,122,122,1.5
1106,123,123,123,123,123,124,124,124,124,124,2
1107,125,121,121,125,121,121,125,122,122,122,4
1108,122,123,124,125,122,123,124,125,126,126,4
1109,122,122,122,122,123,123,123,123,0,0,8
1110,126,126,126,0,0,0,0,0,0,0,0
1111,122,123,124,125,126,123,124,125,126,122,8
1112,226,122,122,123,123,124,124,0,0,0,8
1113,122,123,124,125,126,122,123,124,125,126,3
1114,106,106,106,106,106,116,116,116,116,116,4
1115,127,106,106,127,106,106,127,116,106,106,3
1116,127,127,106,106,106,106,0,0,0,0,0
1117,227,127,127,127,127,106,106,116,116,0,8
1118,126,126,125,125,116,116,106,106,106,106,3
1119,127,127,126,126,227,106,106,125,125,0,7
1120,107,107,107,107,107,117,117,117,117,117,4
1121,128,107,107,128,107,107,128,117,107,107,3
1122,128,128,107,107,107,107,0,0,0,0,0
1123,228,128,128,128,128,107,107,117,117,0,8
1124,127,127,126,126,117,117,107,107,107,107,3
1125,128,128,127,127,228,107,107,126,126,0,7
1126,129,104,104,104,104,104,104,104,104,129,4
1127,104,104,104,104,104,104,104,104,104,104,0
1128,229,126,126,126,126,127,127,127,127,129,8
1129,104,104,104,104,104,104,104,104,104,104,0
1130,129,128,128,127,127,126,126,129,104,104,3
1131,229,104,104,104,104,104,104,104,104,104,4
1132,105,105,105,105,105,110,110,110,110,110,4
1133,130,105,105,110,110,130,105,105,110,110,4
1134,130,130,110,110,105,105,0,0,0,0,0
1135,230,110,110,105,105,128,128,129,129,0,8
1136,129,129,128,128,105,105,110,110,130,0,3
1137,230,130,130,105,105,110,110,128,128,129,9
1138,127,128,129,130,131,127,128,129,130,131,8
1139,131,131,131,0,0,0,0,0,0,0,0
1140,127,127,128,128,129,129,130,130,0,0,4
1141,231,127,127,127,127,128,128,128,128,128,8
1142,131,131,131,131,127,127,128,128,129,129,3
1143,231,127,128,129,130,131,130,129,128,127,9
1144,128,129,130,131,132,128,129,130,131,132,8
1145,132,132,132,0,0,0,0,0,0,0,0
1146,128,128,129,129,130,130,131,131,0,0,4
1147,232,128,128,128,128,129,129,129,129,129,8
1148,132,132,132,132,128,128,129,129,130,130,3
1149,232,128,129,130,131,132,131,130,129,128,9
1150,129,130,131,132,133,129,130,131,132,133,8
1151,133,133,133,0,0,0,0,0,0,0,0
1152,129,129,130,130,131,131,132,132,0,0,4
1153,233,129,129,129,129,130,130,130,130,130,8
1154,133,133,133,133,129,129,130,130,131,131,3
1155,233,129,130,131,132,133,132,131,130,129,9
1156,130,131,132,133,134,130,131,132,133,134,8
1157,134,134,134,0,0,0,0,0,0,0,0
1158,130,130,131,131,132,132,133,133,0,0,4
1159,234,130,130,130,130,131,131,131,131,131,8
1160,134,134,134,134,130,130,131,131,132,132,3
1161,234,130,131,132,133,134,133,132,131,130,9
1162,131,132,133,134,135,131,132,133,134,135,8
1163,135,135,135,0,0,0,0,0,0,0,0
1164,131,131,132,132,133,133,134,134,0,0,4
1165,235,131,131,131,131,132,132,132,132,132,8
1166,135,135,135,135,131,131,132,132,133,133,3
1167,235,131,132,133,134,135,134,133,132,131,9
1168,132,133,134,135,136,132,133,134,135,136,8
1169,136,136,136,0,0,0,0,0,0,0,0
1170,132,132,133,133,134,134,135,135,0,0,4
1171,236,132,132,132,132,133,133,133,133,133,8
1172,136,136,136,136,132,132,133,133,134,134,3
1173,236,132,133,134,135,136,135,134,133,132,9
1174,119,119,124,124,119,119,119,124,124,124,4
1175,137,119,119,119,119,124,124,0,0,0,0
1176,135,135,136,136,119,119,124,124,137,0,8
1177,237,119,124,135,136,137,119,124,135,136,8
1178,137,119,119,119,119,119,119,119,119,119,3
1179,237,124,124,124,124,124,124,124,124,124,8
1180,129,129,129,129,129,129,129,129,129,129,8
1181,138,129,129,0,0,0,0,0,0,0,0
1182,129,135,136,137,138,129,135,136,137,138,8
1183,238,129,135,136,137,138,129,135,136,137,8
1184,138,129,129,129,129,129,129,129,129,129,3
1185,238,135,135,136,136,138,129,129,129,129,8
1186,139,135,136,137,138,135,136,137,138,0,9
1187,135,135,135,135,135,135,135,135,135,135,1.5
1188,136,136,136,136,136,136,136,136,136,136,1.5
1189,239,0,0,0,0,0,0,0,0,0,12
1190,137,137,137,137,137,137,137,137,137,137,1.5
1191,138,138,138,138,138,138,138,138,138,138,1.5
1192,135,135,136,136,137,137,138,138,0,0,0
1193,140,135,136,137,138,135,136,137,138,0,9
1194,141,135,136,137,138,135,136,137,138,0,9
1195,142,135,136,137,138,135,136,137,138,0,9
1196,143,135,136,137,138,135,136,137,138,0,9
1197,144,135,136,137,138,135,136,137,138,0,9
1198,145,135,136,137,138,135,136,137,138,0,9
1199,146,135,136,137,138,135,136,137,138,0,9
1200,240,0,0,0,0,0,0,0,0,0,12
1201,241,0,0,0,0,0,0,0,0,0,12
1202,242,0,0,0,0,0,0,0,0,0,12
1203,243,0,0,0,0,0,0,0,0,0,12
1204,244,0,0,0,0,0,0,0,0,0,12
1205,245,0,0,0,0,0,0,0,0,0,12
1206,246,0,0,0,0,0,0,0,0,0,12
1207,139,137,138,137,138,137,137,138,138,0,9
1208,140,138,137,138,137,138,138,137,137,0,9
1209,239,137,137,137,137,137,137,137,137,137,8
1210,137,137,137,137,138,138,138,138,137,138,2
1211,240,138,138,138,138,138,138,138,138,138,8
1212,138,138,138,138,137,137,137,137,138,137,2
1213,137,137,137,137,137,138,138,138,138,138,0
1214,141,137,138,137,138,137,137,138,138,0,9
1215,143,137,138,137,138,137,137,138,138,0,9
1216,145,137,138,137,138,137,137,138,138,0,9
1217,142,138,137,138,137,138,138,137,137,0,9
1218,144,138,137,138,137,138,138,137,137,0,9
1219,146,138,137,138,137,138,138,137,137,0,9
1220,241,137,137,137,137,137,137,137,137,137,8
1221,243,137,137,137,137,137,137,137,137,137,8
1222,245,137,137,137,137,137,137,137,137,137,8
1223,242,138,138,138,138,138,138,138,138,138,8
1224,244,138,138,138,138,138,138,138,138,138,8
1225,246,138,138,138,138,138,138,138,138,138,8
2020,307,207,207,207,207,207,207,207,207,207,8
2021,207,206,205,204,203,207,206,205,204,203,3
2022,207,207,207,207,0,0,0,0,0,0,0
2023,207,207,206,206,205,205,307,204,204,203,8
2024,308,204,203,202,201,308,204,203,202,201,8
2025,208,208,208,208,208,208,208,208,208,208,3
2026,208,208,204,204,203,203,202,202,201,201,1.5
2027,208,208,208,208,208,208,0,0,0,0,0
2028,309,209,209,209,209,209,209,209,209,209,8
2029,309,209,209,209,0,0,0,0,0,0,0
2030,208,207,206,205,208,207,206,205,0,0,3
2031,309,208,207,206,205,309,208,207,206,205,8
2032,210,210,210,210,210,210,210,210,0,0,8
2033,210,209,208,207,206,210,209,208,207,206,3
2034,310,210,210,310,210,210,209,208,207,206,8
2035,310,310,310,210,209,208,207,206,210,210,3
2036,211,211,211,210,209,208,207,211,211,211,8
2037,211,211,211,211,0,0,0,0,0,0,0
2038,311,311,210,209,208,207,210,209,208,207,8
2039,311,211,211,211,210,209,208,207,211,311,8
2040,212,212,212,212,211,211,211,211,211,212,8
2041,210,209,208,210,209,208,210,209,208,211,1.5
2042,312,212,212,211,211,312,212,212,211,211,8
2043,212,211,210,209,208,312,211,210,209,208,3
2044,213,213,213,313,213,213,213,313,213,213,9
2045,313,213,213,213,213,0,0,0,0,0,0
2046,210,212,211,313,209,209,212,211,210,313,8
2047,313,213,213,213,212,211,210,209,313,213,4
2048,314,0,0,0,0,0,0,0,0,0,12
2049,214,213,212,211,210,210,211,212,213,214,3
2050,214,214,214,214,0,0,0,0,0,0,0
2051,210,210,211,211,212,212,213,213,214,314,8
2052,215,215,214,214,213,213,212,212,211,211,8
2053,315,211,211,214,214,315,213,213,212,212,9
2054,215,215,215,215,215,215,215,215,215,215,8
2055,214,213,212,211,215,214,213,212,211,215,4
2056,315,215,215,215,0,0,0,0,0,0,0
2057,216,206,216,206,216,206,216,206,216,206,3
2058,316,216,216,206,206,0,0,0,0,0,0
2059,216,216,215,215,214,214,213,213,206,206,8
2060,316,216,216,216,216,216,216,316,216,216,9
2061,215,214,213,206,216,316,216,216,206,206,4
2062,217,207,217,207,217,207,217,207,217,207,3
2063,317,217,217,207,207,0,0,0,0,0,0
2064,217,217,216,216,215,215,214,214,207,207,8
2065,317,217,217,217,217,217,217,317,217,217,9
2066,216,215,214,207,217,317,217,217,207,207,4
2067,318,218,218,0,0,0,0,0,0,0,0
2068,212,212,213,213,214,214,215,215,218,218,4
2069,218,215,214,213,212,218,215,214,213,212,3
2070,218,218,318,218,218,318,215,214,213,212,8
2071,212,213,214,215,218,212,213,214,215,218,4
2072,219,219,219,219,219,219,219,219,219,219,3
2073,219,219,319,319,219,219,219,219,219,219,4
2074,218,215,214,213,218,215,214,213,219,219,8
2075,219,219,219,219,0,0,0,0,0,0,0
2076,319,219,218,218,215,215,214,214,213,213,4
2077,320,220,220,220,220,320,220,220,220,220,9
2078,220,220,219,219,218,218,215,215,214,214,3
2079,320,220,220,0,0,0,0,0,0,0,0
2080,220,220,220,220,219,219,219,219,220,219,2
2081,214,215,218,219,320,214,215,218,218,220,8
2082,221,221,220,220,221,221,219,219,221,218,4
2083,321,220,220,219,219,218,218,215,215,0,8
2084,321,221,221,0,0,0,0,0,0,0,0
2085,215,218,219,220,221,215,218,219,220,221,3
2086,321,221,221,220,219,218,215,221,221,221,4
2087,222,0,0,0,0,0,0,0,0,0,15
2088,221,221,220,220,219,219,218,218,0,0,4
2089,222,221,220,219,218,222,221,220,219,218,8
2090,322,221,221,221,222,221,221,221,222,221,8
2091,220,220,219,219,218,218,221,221,222,0,8
2092,223,223,223,223,223,0,0,0,0,0,0
2093,223,223,222,222,221,221,220,220,219,219,7
2094,323,222,222,221,221,220,220,219,219,323,8
2095,223,223,223,223,223,223,223,223,223,223,4
2096,323,223,222,221,220,219,219,222,221,220,1.5
2097,224,219,219,219,224,219,219,219,0,0,8
2098,324,219,224,223,222,221,223,222,221,219,8
2099,324,224,224,0,0,0,0,0,0,0,1.5
2100,223,223,222,222,221,221,224,224,219,219,8
2101,324,219,219,219,219,224,219,219,219,219,3
2102,224,223,222,221,221,224,223,222,221,221,8
2103,225,224,221,221,221,225,224,221,221,221,4
2104,325,225,225,0,0,0,0,0,0,0,3
2105,221,221,221,221,221,222,222,222,222,222,1.5
2106,223,223,223,223,223,224,224,224,224,224,2
2107,225,221,221,225,221,221,225,222,222,222,4
2108,222,223,224,225,222,223,224,225,226,226,4
2109,222,222,222,222,223,223,223,223,0,0,8
2110,226,226,226,0,0,0,0,0,0,0,0
2111,222,223,224,225,226,223,224,225,226,222,8
2112,326,222,222,223,223,224,224,0,0,0,8
2113,222,223,224,225,226,222,223,224,225,226,3
2114,206,206,206,206,206,216,216,216,216,216,4
2115,227,206,206,227,206,206,227,216,206,206,3
2116,227,227,206,206,206,206,0,0,0,0,0
2117,327,227,227,227,227,206,206,216,216,0,8
2118,226,226,225,225,216,216,206,206,206,206,3
2119,227,227,226,226,327,206,206,225,225,0,7
2120,207,207,207,207,207,217,217,217,217,217,4
2121,228,207,207,228,207,207,228,217,207,207,3
2122,228,228,207,207,207,207,0,0,0,0,0
2123,328,228,228,228,228,207,207,217,217,0,8
2124,227,227,226,226,217,217,207,207,207,207,3
2125,228,228,227,227,328,207,207,226,226,0,7
2126,229,204,204,204,204,204,204,204,204,229,4
2127,204,204,204,204,204,204,204,204,204,204,0
2128,329,226,226,226,226,227,227,227,227,229,8
2129,204,204,204,204,204,204,204,204,204,204,0
2130,229,228,228,227,227,226,226,229,204,204,3
2131,329,204,204,204,204,204,204,204,204,204,4
2132,205,205,205,205,205,210,210,210,210,210,4
2133,230,205,205,210,210,230,205,205,210,210,4
2134,230,230,210,210,205,205,0,0,0,0,0
2135,330,210,210,205,205,228,228,229,229,0,8
2136,229,229,228,228,205,205,210,210,230,0,3
2137,330,230,230,205,205,210,210,228,228,229,9
2138,227,228,229,230,231,227,228,229,230,231,8
2139,231,231,231,0,0,0,0,0,0,0,0
2140,227,227,228,228,229,229,230,230,0,0,4
2141,331,227,227,227,227,228,228,228,228,228,8
2142,231,231,231,231,227,227,228,228,229,229,3
2143,331,227,228,229,230,231,230,229,228,227,9
2144,228,229,230,231,232,228,229,230,231,232,8
2145,232,232,232,0,0,0,0,0,0,0,0
2146,228,228,229,229,230,230,231,231,0,0,4
2147,332,228,228,228,228,229,229,229,229,229,8
2148,232,232,232,232,228,228,229,229,230,230,3
2149,332,228,229,230,231,232,231,230,229,228,9
2150,229,230,231,232,233,229,230,231,232,233,8
2151,233,233,233,0,0,0,0,0,0,0,0
2152,229,229,230,230,231,231,232,232,0,0,4
2153,333,229,229,229,229,230,230,230,230,230,8
2154,233,233,233,233,229,229,230,230,231,231,3
2155,333,229,230,231,232,233,232,231,230,229,9
2156,230,231,232,233,234,230,231,232,233,234,8
2157,234,234,234,0,0,0,0,0,0,0,0
2158,230,230,231,231,232,232,233,233,0,0,4
2159,334,230,230,230,230,231,231,231,231,231,8
2160,234,234,234,234,230,230,231,231,232,232,3
2161,334,230,231,232,233,234,233,232,231,230,9
2162,231,232,233,234,235,231,232,233,234,235,8
2163,235,235,235,0,0,0,0,0,0,0,0
2164,231,231,232,232,233,233,234,234,0,0,4
2165,335,231,231,231,231,232,232,232,232,232,8
2166,235,235,235,235,231,231,232,232,233,233,3
2167,335,231,232,233,234,235,234,233,232,231,9
2168,232,233,234,235,236,232,233,234,235,236,8
2169,236,236,236,0,0,0,0,0,0,0,0
2170,232,232,233,233,234,234,235,235,0,0,4
2171,336,232,232,232,232,233,233,233,233,233,8
2172,236,236,236,236,232,232,233,233,234,234,3
2173,336,232,233,234,235,236,235,234,233,232,9
2174,219,219,224,224,219,219,219,224,224,224,4
2175,237,219,219,219,219,224,224,0,0,0,0
2176,235,235,236,236,219,219,224,224,237,0,8
2177,337,219,224,235,236,237,219,224,235,236,8
2178,237,219,219,219,219,219,219,219,219,219,3
2179,337,224,224,224,224,224,224,224,224,224,8
2180,229,229,229,229,229,229,229,229,229,229,8
2181,238,229,229,0,0,0,0,0,0,0,0
2182,229,235,236,237,238,229,235,236,237,238,8
2183,338,229,235,236,237,238,229,235,236,237,8
2184,238,229,229,229,229,229,229,229,229,229,3
2185,338,235,235,236,236,238,229,229,229,229,8
2186,239,235,236,237,238,235,236,237,238,0,9
2187,235,235,235,235,235,235,235,235,235,235,1.5
2188,236,236,236,236,236,236,236,236,236,236,1.5
2189,339,0,0,0,0,0,0,0,0,0,12
2190,237,237,237,237,237,237,237,237,237,237,1.5
2191,238,238,238,238,238,238,238,238,238,238,1.5
2192,235,235,236,236,237,237,238,238,0,0,0
2193,240,235,236,237,238,235,236,237,238,0,9
2194,241,235,236,237,238,235,236,237,238,0,9
2195,242,235,236,237,238,235,236,237,238,0,9
2196,243,235,236,237,238,235,236,237,238,0,9
2197,244,235,236,237,238,235,236,237,238,0,9
2198,245,235,236,237,238,235,236,237,238,0,9
2199,246,235,236,237,238,235,236,237,238,0,9
2200,340,0,0,0,0,0,0,0,0,0,12
2201,341,0,0,0,0,0,0,0,0,0,12
2202,342,0,0,0,0,0,0,0,0,0,12
2203,343,0,0,0,0,0,0,0,0,0,12
2204,344,0,0,0,0,0,0,0,0,0,12
2205,345,0,0,0,0,0,0,0,0,0,12
2206,346,0,0,0,0,0,0,0,0,0,12
2207,239,237,238,237,238,237,237,238,238,0,9
2208,240,238,237,238,237,238,238,237,237,0,9
2209,339,237,237,237,237,237,237,237,237,237,8
2210,237,237,237,237,238,238,238,238,237,238,2
2211,340,238,238,238,238,238,238,238,238,238,8
2212,238,238,238,238,237,237,237,237,238,237,2
2213,237,237,237,237,237,238,238,238,238,238,0
2214,241,237,238,237,238,237,237,238,238,0,9
2215,243,237,238,237,238,237,237,238,238,0,9
2216,245,237,238,237,238,237,237,238,238,0,9
2217,242,238,237,238,237,238,238,237,237,0,9
2218,244,238,237,238,237,238,238,237,237,0,9
2219,246,238,237,238,237,238,238,237,237,0,9
2220,341,237,237,237,237,237,237,237,237,237,8
2221,343,237,237,237,237,237,237,237,237,237,8
2222,345,237,237,237,237,237,237,237,237,237,8
2223,342,238,238,238,238,238,238,238,238,238,8
2224,344,238,238,238,238,238,238,238,238,238,8
2225,346,238,238,238,238,238,238,238,238,238,8
3020,407,307,307,307,307,307,307,307,307,307,8
3021,307,306,305,304,303,307,306,305,304,303,3
3022,307,307,307,307,0,0,0,0,0,0,0
3023,307,307,306,306,305,305,407,304,304,303,8
3024,408,304,303,302,301,408,304,303,302,301,8
3025,308,308,308,308,308,308,308,308,308,308,3
3026,308,308,304,304,303,303,302,302,301,301,1.5
3027,308,308,308,308,308,308,0,0,0,0,0
3028,409,309,309,309,309,309,309,309,309,309,8
3029,409,309,309,309,0,0,0,0,0,0,0
3030,308,307,306,305,308,307,306,305,0,0,3
3031,409,308,307,306,305,409,308,307,306,305,8
3032,310,310,310,310,310,310,310,310,0,0,8
3033,310,309,308,307,306,310,309,308,307,306,3
3034,410,310,310,410,310,310,309,308,307,306,8
3035,410,410,410,310,309,308,307,306,310,310,3
3036,311,311,311,310,309,308,307,311,311,311,8
3037,311,311,311,311,0,0,0,0,0,0,0
3038,411,411,310,309,308,307,310,309,308,307,8
3039,411,311,311,311,310,309,308,307,311,411,8
3040,312,312,312,312,311,311,311,311,311,312,8
3041,310,309,308,310,309,308,310,309,308,311,1.5
3042,412,312,312,311,311,412,312,312,311,311,8
3043,312,311,310,309,308,412,311,310,309,308,3
3044,313,313,313,413,313,313,313,413,313,313,9
3045,413,313,313,313,313,0,0,0,0,0,0
3046,310,312,311,413,309,309,312,311,310,413,8
3047,413,313,313,313,312,311,310,309,413,313,4
3048,414,0,0,0,0,0,0,0,0,0,12
3049,314,313,312,311,310,310,311,312,313,314,3
3050,314,314,314,314,0,0,0,0,0,0,0
3051,310,310,311,311,312,312,313,313,314,414,8
3052,315,315,314,314,313,313,312,312,311,311,8
3053,415,311,311,314,314,415,313,313,312,312,9
3054,315,315,315,315,315,315,315,315,315,315,8
3055,314,313,312,311,315,314,313,312,311,315,4
3056,415,315,315,315,0,0,0,0,0,0,0
3057,316,306,316,306,316,306,316,306,316,306,3
3058,416,316,316,306,306,0,0,0,0,0,0
3059,316,316,315,315,314,314,313,313,306,306,8
3060,416,316,316,316,316,316,316,416,316,316,9
3061,315,314,313,306,316,416,316,316,306,306,4
3062,317,307,317,307,317,307,317,307,317,307,3
3063,417,317,317,307,307,0,0,0,0,0,0
3064,317,317,316,316,315,315,314,314,307,307,8
3065,417,317,317,317,317,317,317,417,317,317,9
3066,316,315,314,307,317,417,317,317,307,307,4
3067,418,318,318,0,0,0,0,0,0,0,0
3068,312,312,313,313,314,314,315,315,318,318,4
3069,318,315,314,313,312,318,315,314,313,312,3
3070,318,318,418,318,318,418,315,314,313,312,8
3071,312,313,314,315,318,312,313,314,315,318,4
3072,319,319,319,319,319,319,319,319,319,319,3
3073,319,319,419,419,319,319,319,319,319,319,4
3074,318,315,314,313,318,315,314,313,319,319,8
3075,319,319,319,319,0,0,0,0,0,0,0
3076,419,319,318,318,315,315,314,314,313,313,4
3077,420,320,320,320,320,420,320,320,320,320,9
3078,320,320,319,319,318,318,315,315,314,314,3
3079,420,320,320,0,0,0,0,0,0,0,0
3080,320,320,320,320,319,319,319,319,320,319,2
3081,314,315,318,319,420,314,315,318,318,320,8
3082,321,321,320,320,321,321,319,319,321,318,4
3083,421,320,320,319,319,318,318,315,315,0,8
3084,421,321,321,0,0,0,0,0,0,0,0
3085,315,318,319,320,321,315,318,319,320,321,3
3086,421,321,321,320,319,318,315,321,321,321,4
3087,322,0,0,0,0,0,0,0,0,0,15
3088,321,321,320,320,319,319,318,318,0,0,4
3089,322,321,320,319,318,322,321,320,319,318,8
3090,422,321,321,321,322,321,321,321,322,321,8
3091,320,320,319,319,318,318,321,321,322,0,8
3092,323,323,323,323,323,0,0,0,0,0,0
3093,323,323,322,322,321,321,320,320,319,319,7
3094,423,322,322,321,321,320,320,319,319,423,8
3095,323,323,323,323,323,323,323,323,323,323,4
3096,423,323,322,321,320,319,319,322,321,320,1.5
3097,324,319,319,319,324,319,319,319,0,0,8
3098,424,319,324,323,322,321,323,322,321,319,8
3099,424,324,324,0,0,0,0,0,0,0,1.5
3100,323,323,322,322,321,321,324,324,319,319,8
3101,424,319,319,319,319,324,319,319,319,319,3
3102,324,323,322,321,321,324,323,322,321,321,8
3103,325,324,321,321,321,325,324,321,321,321,4
3104,425,325,325,0,0,0,0,0,0,0,3
3105,321,321,321,321,321,322,322,322,322,322,1.5
3106,323,323,323,323,323,324,324,324,324,324,2
3107,325,321,321,325,321,321,325,322,322,322,4
3108,322,323,324,325,322,323,324,325,326,326,4
3109,322,322,322,322,323,323,323,323,0,0,8
3110,326,326,326,0,0,0,0,0,0,0,0
3111,322,323,324,325,326,323,324,325,326,322,8
3112,426,322,322,323,323,324,324,0,0,0,8
3113,322,323,324,325,326,322,323,324,325,326,3
3114,306,306,306,306,306,316,316,316,316,316,4
3115,327,306,306,327,306,306,327,316,306,306,3
3116,327,327,306,306,306,306,0,0,0,0,0
3117,427,327,327,327,327,306,306,316,316,0,8
3118,326,326,325,325,316,316,306,306,306,306,3
3119,327,327,326,326,427,306,306,325,325,0,7
3120,307,307,307,307,307,317,317,317,317,317,4
3121,328,307,307,328,307,307,328,317,307,307,3
3122,328,328,307,307,307,307,0,0,0,0,0
3123,428,328,328,328,328,307,307,317,317,0,8
3124,327,327,326,326,317,317,307,307,307,307,3
3125,328,328,327,327,428,307,307,326,326,0,7
3126,329,304,304,304,304,304,304,304,304,329,4
3127,304,304,304,304,304,304,304,304,304,304,0
3128,429,326,326,326,326,327,327,327,327,329,8
3129,304,304,304,304,304,304,304,304,304,304,0
3130,329,328,328,327,327,326,326,329,304,304,3
3131,429,304,304,304,304,304,304,304,304,304,4
3132,305,305,305,305,305,310,310,310,310,310,4
3133,330,305,305,310,310,330,305,305,310,310,4
3134,330,330,310,310,305,305,0,0,0,0,0
3135,430,310,310,305,305,328,328,329,329,0,8
3136,329,329,328,328,305,305,310,310,330,0,3
3137,430,330,330,305,305,310,310,328,328,329,9
3138,327,328,329,330,331,327,328,329,330,331,8
3139,331,331,331,0,0,0,0,0,0,0,0
3140,327,327,328,328,329,329,330,330,0,0,4
3141,431,327,327,327,327,328,328,328,328,328,8
3142,331,331,331,331,327,327,328,328,329,329,3
3143,431,327,328,329,330,331,330,329,328,327,9
3144,328,329,330,331,332,328,329,330,331,332,8
3145,332,332,332,0,0,0,0,0,0,0,0
3146,328,328,329,329,330,330,331,331,0,0,4
3147,432,328,328,328,328,329,329,329,329,329,8
3148,332,332,332,332,328,328,329,329,330,330,3
3149,432,328,329,330,331,332,331,330,329,328,9
3150,329,330,331,332,333,329,330,331,332,333,8
3151,333,333,333,0,0,0,0,0,0,0,0
3152,329,329,330,330,331,331,332,332,0,0,4
3153,433,329,329,329,329,330,330,330,330,330,8
3154,333,333,333,333,329,329,330,330,331,331,3
3155,433,329,330,331,332,333,332,331,330,329,9
3156,330,331,332,333,334,330,331,332,333,334,8
3157,334,334,334,0,0,0,0,0,0,0,0
3158,330,330,331,331,332,332,333,333,0,0,4
3159,434,330,330,330,330,331,331,331,331,331,8
3160,334,334,334,334,330,330,331,331,332,332,3
3161,434,330,331,332,333,334,333,332,331,330,9
3162,331,332,333,334,335,331,332,333,334,335,8
3163,335,335,335,0,0,0,0,0,0,0,0
3164,331,331,332,332,333,333,334,334,0,0,4
3165,435,331,331,331,331,332,332,332,332,332,8
3166,335,335,335,335,331,331,332,332,333,333,3
3167,435,331,332,333,334,335,334,333,332,331,9
3168,332,333,334,335,336,332,333,334,335,336,8
3169,336,336,336,0,0,0,0,0,0,0,0
3170,332,332,333,333,334,334,335,335,0,0,4
3171,436,332,332,332,332,333,333,333,333,333,8
3172,336,336,336,336,332,332,333,333,334,334,3
3173,436,332,333,334,335,336,335,334,333,332,9
3174,319,319,324,324,319,319,319,324,324,324,4
3175,337,319,319,319,319,324,324,0,0,0,0
3176,335,335,336,336,319,319,324,324,337,0,8
3177,437,319,324,335,336,337,319,324,335,336,8
3178,337,319,319,319,319,319,319,319,319,319,3
3179,437,324,324,324,324,324,324,324,324,324,8
3180,329,329,329,329,329,329,329,329,329,329,8
3181,338,329,329,0,0,0,0,0,0,0,0
3182,329,335,336,337,338,329,335,336,337,338,8
3183,438,329,335,336,337,338,329,335,336,337,8
3184,338,329,329,329,329,329,329,329,329,329,3
3185,438,335,335,336,336,338,329,329,329,329,8
3186,339,335,336,337,338,335,336,337,338,0,9
3187,335,335,335,335,335,335,335,335,335,335,1.5
3188,336,336,336,336,336,336,336,336,336,336,1.5
3189,439,0,0,0,0,0,0,0,0,0,12
3190,337,337,337,337,337,337,337,337,337,337,1.5
3191,338,338,338,338,338,338,338,338,338,338,1.5
3192,335,335,336,336,337,337,338,338,0,0,0
3193,340,335,336,337,338,335,336,337,338,0,9
3194,341,335,336,337,338,335,336,337,338,0,9
3195,342,335,336,337,338,335,336,337,338,0,9
3196,343,335,336,337,338,335,336,337,338,0,9
3197,344,335,336,337,338,335,336,337,338,0,9
3198,345,335,336,337,338,335,336,337,338,0,9
3199,346,335,336,337,338,335,336,337,338,0,9
3200,440,0,0,0,0,0,0,0,0,0,12
3201,441,0,0,0,0,0,0,0,0,0,12
3202,442,0,0,0,0,0,0,0,0,0,12
3203,443,0,0,0,0,0,0,0,0,0,12
3204,444,0,0,0,0,0,0,0,0,0,12
3205,445,0,0,0,0,0,0,0,0,0,12
3206,446,0,0,0,0,0,0,0,0,0,12
3207,339,337,338,337,338,337,337,338,338,0,9
3208,340,338,337,338,337,338,338,337,337,0,9
3209,439,337,337,337,337,337,337,337,337,337,8
3210,337,337,337,337,338,338,338,338,337,338,2
3211,440,338,338,338,338,338,338,338,338,338,8
3212,338,338,338,338,337,337,337,337,338,337,2
3213,337,337,337,337,337,338,338,338,338,338,0
3214,341,337,338,337,338,337,337,338,338,0,9
3215,343,337,338,337,338,337,337,338,338,0,9
3216,345,337,338,337,338,337,337,338,338,0,9
3217,342,338,337,338,337,338,338,337,337,0,9
3218,344,338,337,338,337,338,338,337,337,0,9
3219,346,338,337,338,337,338,338,337,337,0,9
3220,441,337,337,337,337,337,337,337,337,337,8
3221,443,337,337,337,337,337,337,337,337,337,8
3222,445,337,337,337,337,337,337,337,337,337,8
3223,442,338,338,338,338,338,338,338,338,338,8
3224,444,338,338,338,338,338,338,338,338,338,8
3225,446,338,338,338,338,338,338,338,338,338,8
4020,507,407,407,407,407,407,407,407,407,407,8
4021,407,406,405,404,403,407,406,405,404,403,3
4022,407,407,407,407,0,0,0,0,0,0,0
4023,407,407,406,406,405,405,507,404,404,403,8
4024,508,404,403,402,401,508,404,403,402,401,8
4025,408,408,408,408,408,408,408,408,408,408,3
4026,408,408,404,404,403,403,402,402,401,401,1.5
4027,408,408,408,408,408,408,0,0,0,0,0
4028,509,409,409,409,409,409,409,409,409,409,8
4029,509,409,409,409,0,0,0,0,0,0,0
4030,408,407,406,405,408,407,406,405,0,0,3
4031,509,408,407,406,405,509,408,407,406,405,8
4032,410,410,410,410,410,410,410,410,0,0,8
4033,410,409,408,407,406,410,409,408,407,406,3
4034,510,410,410,510,410,410,409,408,407,406,8
4035,510,510,510,410,409,408,407,406,410,410,3
4036,411,411,411,410,409,408,407,411,411,411,8
4037,411,411,411,411,0,0,0,0,0,0,0
4038,511,511,410,409,408,407,410,409,408,407,8
4039,511,411,411,411,410,409,408,407,411,511,8
4040,412,412,412,412,411,411,411,411,411,412,8
4041,410,409,408,410,409,408,410,409,408,411,1.5
4042,512,412,412,411,411,512,412,412,411,411,8
4043,412,411,410,409,408,512,411,410,409,408,3
4044,413,413,413,513,413,413,413,513,413,413,9
4045,513,413,413,413,413,0,0,0,0,0,0
4046,410,412,411,513,409,409,412,411,410,513,8
4047,513,413,413,413,412,411,410,409,513,413,4
4048,514,0,0,0,0,0,0,0,0,0,12
4049,414,413,412,411,410,410,411,412,413,414,3
4050,414,414,414,414,0,0,0,0,0,0,0
4051,410,410,411,411,412,412,413,413,414,514,8
4052,415,415,414,414,413,413,412,412,411,411,8
4053,515,411,411,414,414,515,413,413,412,412,9
4054,415,415,415,415,415,415,415,415,415,415,8
4055,414,413,412,411,415,414,413,412,411,415,4
4056,515,415,415,415,0,0,0,0,0,0,0
4057,416,406,416,406,416,406,416,406,416,406,3
4058,516,416,416,406,406,0,0,0,0,0,0
4059,416,416,415,415,414,414,413,413,406,406,8
4060,516,416,416,416,416,416,416,516,416,416,9
4061,415,414,413,406,416,516,416,416,406,406,4
4062,417,407,417,407,417,407,417,407,417,407,3
4063,517,417,417,407,407,0,0,0,0,0,0
4064,417,417,416,416,415,415,414,414,407,407,8
4065,517,417,417,417,417,417,417,517,417,417,9
4066,416,415,414,407,417,517,417,417,407,407,4
4067,518,418,418,0,0,0,0,0,0,0,0
4068,412,412,413,413,414,414,415,415,418,418,4
4069,418,415,414,413,412,418,415,414,413,412,3
4070,418,418,518,418,418,518,415,414,413,412,8
4071,412,413,414,415,418,412,413,414,415,418,4
4072,419,419,419,419,419,419,419,419,419,419,3
4073,419,419,519,519,419,419,419,419,419,419,4
4074,418,415,414,413,418,415,414,413,419,419,8
4075,419,419,419,419,0,0,0,0,0,0,0
4076,519,419,418,418,415,415,414,414,413,413,4
4077,520,420,420,420,420,520,420,420,420,420,9
4078,420,420,419,419,418,418,415,415,414,414,3
4079,520,420,420,0,0,0,0,0,0,0,0
4080,420,420,420,420,419,419,419,419,420,419,2
4081,414,415,418,419,520,414,415,418,418,420,8
4082,421,421,420,420,421,421,419,419,421,418,4
4083,521,420,420,419,419,418,418,415,415,0,8
4084,521,421,421,0,0,0,0,0,0,0,0
4085,415,418,419,420,421,415,418,419,420,421,3
4086,521,421,421,420,419,418,415,421,421,421,4
4087,422,0,0,0,0,0,0,0,0,0,15
4088,421,421,420,420,419,419,418,418,0,0,4
4089,422,421,420,419,418,422,421,420,419,418,8
4090,522,421,421,421,422,421,421,421,422,421,8
4091,420,420,419,419,418,418,421,421,422,0,8
4092,423,423,423,423,423,0,0,0,0,0,0
4093,423,423,422,422,421,421,420,420,419,419,7
4094,523,422,422,421,421,420,420,419,419,523,8
4095,423,423,423,423,423,423,423,423,423,423,4
4096,523,423,422,421,420,419,419,422,421,420,1.5
4097,424,419,419,419,424,419,419,419,0,0,8
4098,524,419,424,423,422,421,423,422,421,419,8
4099,524,424,424,0,0,0,0,0,0,0,1.5
4100,423,423,422,422,421,421,424,424,419,419,8
4101,524,419,419,419,419,424,419,419,419,419,3
4102,424,423,422,421,421,424,423,422,421,421,8
4103,425,424,421,421,421,425,424,421,421,421,4
4104,525,425,425,0,0,0,0,0,0,0,3
4105,421,421,421,421,421,422,422,422,422,422,1.5
4106,423,423,423,423,423,424,424,424,424,424,2
4107,425,421,421,425,421,421,425,422,422,422,4
4108,422,423,424,425,422,423,424,425,426,426,4
4109,422,422,422,422,423,423,423,423,0,0,8
4110,426,426,426,0,0,0,0,0,0,0,0
4111,422,423,424,425,426,423,424,425,426,422,8
4112,526,422,422,423,423,424,424,0,0,0,8
4113,422,423,424,425,426,422,423,424,425,426,3
4114,406,406,406,406,406,416,416,416,416,416,4
4115,427,406,406,427,406,406,427,416,406,406,3
4116,427,427,406,406,406,406,0,0,0,0,0
4117,527,427,427,427,427,406,406,416,416,0,8
4118,426,426,425,425,416,416,406,406,406,406,3
4119,427,427,426,426,527,406,406,425,425,0,7
4120,407,407,407,407,407,417,417,417,417,417,4
4121,428,407,407,428,407,407,428,417,407,407,3
4122,428,428,407,407,407,407,0,0,0,0,0
4123,528,428,428,428,428,407,407,417,417,0,8
4124,427,427,426,426,417,417,407,407,407,407,3
4125,428,428,427,427,528,407,407,426,426,0,7
4126,429,404,404,404,404,404,404,404,404,429,4
4127,404,404,404,404,404,404,404,404,404,404,0
4128,529,426,426,426,426,427,427,427,427,429,8
4129,404,404,404,404,404,404,404,404,404,404,0
4130,429,428,428,427,427,426,426,429,404,404,3
4131,529,404,404,404,404,404,404,404,404,404,4
4132,405,405,405,405,405,410,410,410,410,410,4
4133,430,405,405,410,410,430,405,405,410,410,4
4134,430,430,410,410,405,405,0,0,0,0,0
4135,530,410,410,405,405,428,428,429,429,0,8
4136,429,429,428,428,405,405,410,410,430,0,3
4137,530,430,430,405,405,410,410,428,428,429,9
4138,427,428,429,430,431,427,428,429,430,431,8
4139,431,431,431,0,0,0,0,0,0,0,0
4140,427,427,428,428,429,429,430,430,0,0,4
4141,531,427,427,427,427,428,428,428,428,428,8
4142,431,431,431,431,427,427,428,428,429,429,3
4143,531,427,428,429,430,431,430,429,428,427,9
4144,428,429,430,431,432,428,429,430,431,432,8
4145,432,432,432,0,0,0,0,0,0,0,0
4146,428,428,429,429,430,430,431,431,0,0,4
4147,532,428,428,428,428,429,429,429,429,429,8
4148,432,432,432,432,428,428,429,429,430,430,3
4149,532,428,429,430,431,432,431,430,429,428,9
4150,429,430,431,432,433,429,430,431,432,433,8
4151,433,433,433,0,0,0,0,0,0,0,0
4152,429,429,430,430,431,431,432,432,0,0,4
4153,533,429,429,429,429,430,430,430,430,430,8
4154,433,433,433,433,429,429,430,430,431,431,3
4155,533,429,430,431,432,433,432,431,430,429,9
4156,430,431,432,433,434,430,431,432,433,434,8
4157,434,434,434,0,0,0,0,0,0,0,0
4158,430,430,431,431,432,432,433,433,0,0,4
4159,534,430,430,430,430,431,431,431,431,431,8
4160,434,434,434,434,430,430,431,431,432,432,3
4161,534,430,431,432,433,434,433,432,431,430,9
4162,431,432,433,434,435,431,432,433,434,435,8
4163,435,435,435,0,0,0,0,0,0,0,0
4164,431,431,432,432,433,433,434,434,0,0,4
4165,535,431,431,431,431,432,432,432,432,432,8
4166,435,435,435,435,431,431,432,432,433,433,3
4167,535,431,432,433,434,435,434,433,432,431,9
4168,432,433,434,435,436,432,433,434,435,436,8
4169,436,436,436,0,0,0,0,0,0,0,0
4170,432,432,433,433,434,434,435,435,0,0,4
4171,536,432,432,432,432,433,433,433,433,433,8
4172,436,436,436,436,432,432,433,433,434,434,3
4173,536,432,433,434,435,436,435,434,433,432,9
4174,419,419,424,424,419,419,419,424,424,424,4
4175,437,419,419,419,419,424,424,0,0,0,0
4176,435,435,436,436,419,419,424,424,437,0,8
4177,537,419,424,435,436,437,419,424,435,436,8
4178,437,419,419,419,419,419,419,419,419,419,3
4179,537,424,424,424,424,424,424,424,424,424,8
4180,429,429,429,429,429,429,429,429,429,429,8
4181,438,429,429,0,0,0,0,0,0,0,0
4182,429,435,436,437,438,429,435,436,437,438,8
4183,538,429,435,436,437,438,429,435,436,437,8
4184,438,429,429,429,429,429,429,429,429,429,3
4185,538,435,435,436,436,438,429,429,429,429,8
4186,439,435,436,437,438,435,436,437,438,0,9
4187,435,435,435,435,435,435,435,435,435,435,1.5
4188,436,436,436,436,436,436,436,436,436,436,1.5
4189,539,0,0,0,0,0,0,0,0,0,12
4190,437,437,437,437,437,437,437,437,437,437,1.5
4191,438,438,438,438,438,438,438,438,438,438,1.5
4192,435,435,436,436,437,437,438,438,0,0,0
4193,440,435,436,437,438,435,436,437,438,0,9
4194,441,435,436,437,438,435,436,437,438,0,9
4195,442,435,436,437,438,435,436,437,438,0,9
4196,443,435,436,437,438,435,436,437,438,0,9
4197,444,435,436,437,438,435,436,437,438,0,9
4198,445,435,436,437,438,435,436,437,438,0,9
4199,446,435,436,437,438,435,436,437,438,0,9
4200,540,0,0,0,0,0,0,0,0,0,12
4201,541,0,0,0,0,0,0,0,0,0,12
4202,542,0,0,0,0,0,0,0,0,0,12
4203,543,0,0,0,0,0,0,0,0,0,12
4204,544,0,0,0,0,0,0,0,0,0,12
4205,545,0,0,0,0,0,0,0,0,0,12
4206,546,0,0,0,0,0,0,0,0,0,12
4207,439,437,438,437,438,437,437,438,438,0,9
4208,440,438,437,438,437,438,438,437,437,0,9
4209,539,437,437,437,437,437,437,437,437,437,8
4210,437,437,437,437,438,438,438,438,437,438,2
4211,540,438,438,438,438,438,438,438,438,438,8
4212,438,438,438,438,437,437,437,437,438,437,2
4213,437,437,437,437,437,438,438,438,438,438,0
4214,441,437,438,437,438,437,437,438,438,0,9
4215,443,437,438,437,438,437,437,438,438,0,9
4216,445,437,438,437,438,437,437,438,438,0,9
4217,442,438,437,438,437,438,438,437,437,0,9
4218,444,438,437,438,437,438,438,437,437,0,9
4219,446,438,437,438,437,438,438,437,437,0,9
4220,541,437,437,437,437,437,437,437,437,437,8
4221,543,437,437,437,437,437,437,437,437,437,8
4222,545,437,437,437,437,437,437,437,437,437,8
4223,542,438,438,438,438,438,438,438,438,438,8
4224,544,438,438,438,438,438,438,438,438,438,8
4225,546,438,438,438,438,438,438,438,438,438,8
5020,607,507,507,507,507,507,507,507,507,507,8
5021,507,506,505,504,503,507,506,505,504,503,3
5022,507,507,507,507,0,0,0,0,0,0,0
5023,507,507,506,506,505,505,607,504,504,503,8
5024,608,504,503,502,501,608,504,503,502,501,8
5025,508,508,508,508,508,508,508,508,508,508,3
5026,508,508,504,504,503,503,502,502,501,501,1.5
5027,508,508,508,508,508,508,0,0,0,0,0
5028,609,509,509,509,509,509,509,509,509,509,8
5029,609,509,509,509,0,0,0,0,0,0,0
5030,508,507,506,505,508,507,506,505,0,0,3
5031,609,508,507,506,505,609,508,507,506,505,8
5032,510,510,510,510,510,510,510,510,0,0,8
5033,510,509,508,507,506,510,509,508,507,506,3
5034,610,510,510,610,510,510,509,508,507,506,8
5035,610,610,610,510,509,508,507,506,510,510,3
5036,511,511,511,510,509,508,507,511,511,511,8
5037,511,511,511,511,0,0,0,0,0,0,0
5038,611,611,510,509,508,507,510,509,508,507,8
5039,611,511,511,511,510,509,508,507,511,611,8
5040,512,512,512,512,511,511,511,511,511,512,8
5041,510,509,508,510,509,508,510,509,508,511,1.5
5042,612,512,512,511,511,612,512,512,511,511,8
5043,512,511,510,509,508,612,511,510,509,508,3
5044,513,513,513,613,513,513,513,613,513,513,9
5045,613,513,513,513,513,0,0,0,0,0,0
5046,510,512,511,613,509,509,512,511,510,613,8
5047,613,513,513,513,512,511,510,509,613,513,4
5048,614,0,0,0,0,0,0,0,0,0,12
5049,514,513,512,511,510,510,511,512,513,514,3
5050,514,514,514,514,0,0,0,0,0,0,0
5051,510,510,511,511,512,512,513,513,514,614,8
5052,515,515,514,514,513,513,512,512,511,511,8
5053,615,511,511,514,514,615,513,513,512,512,9
5054,515,515,515,515,515,515,515,515,515,515,8
5055,514,513,512,511,515,514,513,512,511,515,4
5056,615,515,515,515,0,0,0,0,0,0,0
5057,516,506,516,506,516,506,516,506,516,506,3
5058,616,516,516,506,506,0,0,0,0,0,0
5059,516,516,515,515,514,514,513,513,506,506,8
5060,616,516,516,516,516,516,516,616,516,516,9
5061,515,514,513,506,516,616,516,516,506,506,4
5062,517,507,517,507,517,507,517,507,517,507,3
5063,617,517,517,507,507,0,0,0,0,0,0
5064,517,517,516,516,515,515,514,514,507,507,8
5065,617,517,517,517,517,517,517,617,517,517,9
5066,516,515,514,507,517,617,517,517,507,507,4
5067,618,518,518,0,0,0,0,0,0,0,0
5068,512,512,513,513,514,514,515,515,518,518,4
5069,518,515,514,513,512,518,515,514,513,512,3
5070,518,518,618,518,518,618,515,514,513,512,8
5071,512,513,514,515,518,512,513,514,515,518,4
5072,519,519,519,519,519,519,519,519,519,519,3
5073,519,519,619,619,519,519,519,519,519,519,4
5074,518,515,514,513,518,515,514,513,519,519,8
5075,519,519,519,519,0,0,0,0,0,0,0
5076,619,519,518,518,515,515,514,514,513,513,4
5077,620,520,520,520,520,620,520,520,520,520,9
5078,520,520,519,519,518,518,515,515,514,514,3
5079,620,520,520,0,0,0,0,0,0,0,0
5080,520,520,520,520,519,519,519,519,520,519,2
5081,514,515,518,519,620,514,515,518,518,520,8
5082,521,521,520,520,521,521,519,519,521,518,4
5083,621,520,520,519,519,518,518,515,515,0,8
5084,621,521,521,0,0,0,0,0,0,0,0
5085,515,518,519,520,521,515,518,519,520,521,3
5086,621,521,521,520,519,518,515,521,521,521,4
5087,522,0,0,0,0,0,0,0,0,0,15
5088,521,521,520,520,519,519,518,518,0,0,4
5089,522,521,520,519,518,522,521,520,519,518,8
5090,622,521,521,521,522,521,521,521,522,521,8
5091,520,520,519,519,518,518,521,521,522,0,8
5092,523,523,523,523,523,0,0,0,0,0,0
5093,523,523,522,522,521,521,520,520,519,519,7
5094,623,522,522,521,521,520,520,519,519,623,8
5095,523,523,523,523,523,523,523,523,523,523,4
5096,623,523,522,521,520,519,519,522,521,520,1.5
5097,524,519,519,519,524,519,519,519,0,0,8
5098,624,519,524,523,522,521,523,522,521,519,8
5099,624,524,524,0,0,0,0,0,0,0,1.5
5100,523,523,522,522,521,521,524,524,519,519,8
5101,624,519,519,519,519,524,519,519,519,519,3
5102,524,523,522,521,521,524,523,522,521,521,8
5103,525,524,521,521,521,525,524,521,521,521,4
5104,625,525,525,0,0,0,0,0,0,0,3
5105,521,521,521,521,521,522,522,522,522,522,1.5
5106,523,523,523,523,523,524,524,524,524,524,2
5107,525,521,521,525,521,521,525,522,522,522,4
5108,522,523,524,525,522,523,524,525,526,526,4
5109,522,522,522,522,523,523,523,523,0,0,8
5110,526,526,526,0,0,0,0,0,0,0,0
5111,522,523,524,525,526,523,524,525,526,522,8
5112,626,522,522,523,523,524,524,0,0,0,8
5113,522,523,524,525,526,522,523,524,525,526,3
5114,506,506,506,506,506,516,516,516,516,516,4
5115,527,506,506,527,506,506,527,516,506,506,3
5116,527,527,506,506,506,506,0,0,0,0,0
5117,627,527,527,527,527,506,506,516,516,0,8
5118,526,526,525,525,516,516,506,506,506,506,3
5119,527,527,526,526,627,506,506,525,525,0,7
5120,507,507,507,507,507,517,517,517,517,517,4
5121,528,507,507,528,507,507,528,517,507,507,3
5122,528,528,507,507,507,507,0,0,0,0,0
5123,628,528,528,528,528,507,507,517,517,0,8
5124,527,527,526,526,517,517,507,507,507,507,3
5125,528,528,527,527,628,507,507,526,526,0,7
5126,529,504,504,504,504,504,504,504,504,529,4
5127,504,504,504,504,504,504,504,504,504,504,0
5128,629,526,526,526,526,527,527,527,527,529,8
5129,504,504,504,504,504,504,504,504,504,504,0
5130,529,528,528,527,527,526,526,529,504,504,3
5131,629,504,504,504,504,504,504,504,504,504,4
5132,505,505,505,505,505,510,510,510,510,510,4
5133,530,505,505,510,510,530,505,505,510,510,4
5134,530,530,510,510,505,505,0,0,0,0,0
5135,630,510,510,505,505,528,528,529,529,0,8
5136,529,529,528,528,505,505,510,510,530,0,3
5137,630,530,530,505,505,510,510,528,528,529,9
5138,527,528,529,530,531,527,528,529,530,531,8
5139,531,531,531,0,0,0,0,0,0,0,0
5140,527,527,528,528,529,529,530,530,0,0,4
5141,631,527,527,527,527,528,528,528,528,528,8
5142,531,531,531,531,527,527,528,528,529,529,3
5143,631,527,528,529,530,531,530,529,528,527,9
5144,528,529,530,531,532,528,529,530,531,532,8
5145,532,532,532,0,0,0,0,0,0,0,0
5146,528,528,529,529,530,530,531,531,0,0,4
5147,632,528,528,528,528,529,529,529,529,529,8
5148,532,532,532,532,528,528,529,529,530,530,3
5149,632,528,529,530,531,532,531,530,529,528,9
5150,529,530,531,532,533,529,530,531,532,533,8
5151,533,533,533,0,0,0,0,0,0,0,0
5152,529,529,530,530,531,531,532,532,0,0,4
5153,633,529,529,529,529,530,530,530,530,530,8
5154,533,533,533,533,529,529,530,530,531,531,3
5155,633,529,530,531,532,533,532,531,530,529,9
5156,530,531,532,533,534,530,531,532,533,534,8
5157,534,534,534,0,0,0,0,0,0,0,0
5158,530,530,531,531,532,532,533,533,0,0,4
5159,634,530,530,530,530,531,531,531,531,531,8
5160,534,534,534,534,530,530,531,531,532,532,3
5161,634,530,531,532,533,534,533,532,531,530,9
5162,531,532,533,534,535,531,532,533,534,535,8
5163,535,535,535,0,0,0,0,0,0,0,0
5164,531,531,532,532,533,533,534,534,0,0,4
5165,635,531,531,531,531,532,532,532,532,532,8
5166,535,535,535,535,531,531,532,532,533,533,3
5167,635,531,532,533,534,535,534,533,532,531,9
5168,532,533,534,535,536,532,533,534,535,536,8
5169,536,536,536,0,0,0,0,0,0,0,0
5170,532,532,533,533,534,534,535,535,0,0,4
5171,636,532,532,532,532,533,533,533,533,533,8
5172,536,536,536,536,532,532,533,533,534,534,3
5173,636,532,533,534,535,536,535,534,533,532,9
5174,519,519,524,524,519,519,519,524,524,524,4
5175,537,519,519,519,519,524,524,0,0,0,0
5176,535,535,536,536,519,519,524,524,537,0,8
5177,637,519,524,535,536,537,519,524,535,536,8
5178,537,519,519,519,519,519,519,519,519,519,3
5179,637,524,524,524,524,524,524,524,524,524,8
5180,529,529,529,529,529,529,529,529,529,529,8
5181,538,529,529,0,0,0,0,0,0,0,0
5182,529,535,536,537,538,529,535,536,537,538,8
5183,638,529,535,536,537,538,529,535,536,537,8
5184,538,529,529,529,529,529,529,529,529,529,3
5185,638,535,535,536,536,538,529,529,529,529,8
5186,539,535,536,537,538,535,536,537,538,0,9
5187,535,535,535,535,535,535,535,535,535,535,1.5
5188,536,536,536,536,536,536,536,536,536,536,1.5
5189,639,0,0,0,0,0,0,0,0,0,12
5190,537,537,537,537,537,537,537,537,537,537,1.5
5191,538,538,538,538,538,538,538,538,538,538,1.5
5192,535,535,536,536,537,537,538,538,0,0,0
5193,540,535,536,537,538,535,536,537,538,0,9
5194,541,535,536,537,538,535,536,537,538,0,9
5195,542,535,536,537,538,535,536,537,538,0,9
5196,543,535,536,537,538,535,536,537,538,0,9
5197,544,535,536,537,538,535,536,537,538,0,9
5198,545,535,536,537,538,535,536,537,538,0,9
5199,546,535,536,537,538,535,536,537,538,0,9
5200,640,0,0,0,0,0,0,0,0,0,12
5201,641,0,0,0,0,0,0,0,0,0,12
5202,642,0,0,0,0,0,0,0,0,0,12
5203,643,0,0,0,0,0,0,0,0,0,12
5204,644,0,0,0,0,0,0,0,0,0,12
5205,645,0,0,0,0,0,0,0,0,0,12
5206,646,0,0,0,0,0,0,0,0,0,12
5207,539,537,538,537,538,537,537,538,538,0,9
5208,540,538,537,538,537,538,538,537,537,0,9
5209,639,537,537,537,537,537,537,537,537,537,8
5210,537,537,537,537,538,538,538,538,537,538,2
5211,640,538,538,538,538,538,538,538,538,538,8
5212,538,538,538,538,537,537,537,537,538,537,2
5213,537,537,537,537,537,538,538,538,538,538,0
5214,541,537,538,537,538,537,537,538,538,0,9
5215,543,537,538,537,538,537,537,538,538,0,9
5216,545,537,538,537,538,537,537,538,538,0,9
5217,542,538,537,538,537,538,538,537,537,0,9
5218,544,538,537,538,537,538,538,537,537,0,9
5219,546,538,537,538,537,538,538,537,537,0,9
5220,641,537,537,537,537,537,537,537,537,537,8
5221,643,537,537,537,537,537,537,537,537,537,8
5222,645,537,537,537,537,537,537,537,537,537,8
5223,642,538,538,538,538,538,538,538,538,538,8
5224,644,538,538,538,538,538,538,538,538,538,8
5225,646,538,538,538,538,538,538,538,538,538,8
