path	module	purpose
lua/decompiled/src/DataEye/DCAccount.lua	DataEye	统计SDK接口
lua/decompiled/src/DataEye/DCAgent.lua	DataEye	统计SDK接口
lua/decompiled/src/DataEye/DCCardsGame.lua	DataEye	统计SDK接口
lua/decompiled/src/DataEye/DCCoin.lua	DataEye	统计SDK接口
lua/decompiled/src/DataEye/DCConfigParams.lua	DataEye	统计SDK接口
lua/decompiled/src/DataEye/DCEvent.lua	DataEye	统计SDK接口
lua/decompiled/src/DataEye/DCItem.lua	DataEye	统计SDK接口
lua/decompiled/src/DataEye/DCLevels.lua	DataEye	统计SDK接口
lua/decompiled/src/DataEye/DCTask.lua	DataEye	统计SDK接口
lua/decompiled/src/DataEye/DCVirtualCurrency.lua	DataEye	统计SDK接口
lua/decompiled/src/DataEye/DYAnalyzeHelper.lua	DataEye	统计SDK接口
lua/decompiled/src/DataEye/init.lua	DataEye	统计SDK接口
lua/decompiled/src/app/MyApp.lua	app	Lua 5.1 模块
lua/decompiled/src/app/activity/IconActivity.lua	app/activity	活动玩法
lua/decompiled/src/app/activity/IconBuddhaTask.lua	app/activity	活动玩法
lua/decompiled/src/app/activity/LayerCommonAlert.lua	app/activity	活动玩法
lua/decompiled/src/app/activity/LayerNewBuddha.lua	app/activity	活动玩法
lua/decompiled/src/app/activity/LayerNewYear.lua	app/activity	活动玩法
lua/decompiled/src/app/activity/LayerRecord.lua	app/activity	活动玩法
lua/decompiled/src/app/activity/LayerRedPacket.lua	app/activity	活动玩法
lua/decompiled/src/app/activity/LayerSpin.lua	app/activity	活动玩法
lua/decompiled/src/app/activity/LayerSpinAward.lua	app/activity	活动玩法
lua/decompiled/src/app/activity/buddha/LayerActivityBuddha.lua	app/activity	活动玩法
lua/decompiled/src/app/activity/buddha/LayerRankScore.lua	app/activity	活动玩法
lua/decompiled/src/app/activity/chess/Chess.lua	app/activity	活动玩法
lua/decompiled/src/app/activity/chess/ChessManager.lua	app/activity	活动玩法
lua/decompiled/src/app/activity/chess/LayerChess.lua	app/activity	活动玩法
lua/decompiled/src/app/activity/chess/LayerFateCard.lua	app/activity	活动玩法
lua/decompiled/src/app/activity/chess/PanelBase.lua	app/activity	活动玩法
lua/decompiled/src/app/activity/chess/PanelBoard.lua	app/activity	活动玩法
lua/decompiled/src/app/activity/chess/PanelDice.lua	app/activity	活动玩法
lua/decompiled/src/app/activity/chess/PanelFateCard.lua	app/activity	活动玩法
lua/decompiled/src/app/activity/chess/PanelRecord.lua	app/activity	活动玩法
lua/decompiled/src/app/activity/collection/LayerCollection.lua	app/activity	活动玩法
lua/decompiled/src/app/activity/place/IconRewardPerBoss.lua	app/activity	活动玩法
lua/decompiled/src/app/activity/place/IconRewardSeason.lua	app/activity	活动玩法
lua/decompiled/src/app/activity/place/LayerPlaceBattle.lua	app/activity	活动玩法
lua/decompiled/src/app/activity/place/LayerPlaceGetReward.lua	app/activity	活动玩法
lua/decompiled/src/app/activity/place/LayerPlaceMain.lua	app/activity	活动玩法
lua/decompiled/src/app/activity/place/LayerPlacePreReward.lua	app/activity	活动玩法
lua/decompiled/src/app/activity/place/LayerPlaceRankList.lua	app/activity	活动玩法
lua/decompiled/src/app/activity/place/PanelTimer.lua	app/activity	活动玩法
lua/decompiled/src/app/activity/place/PlaceRankingIcon.lua	app/activity	活动玩法
lua/decompiled/src/app/activity/place/RewardNianIcon.lua	app/activity	活动玩法
lua/decompiled/src/app/aggress/icons/IconBossInfo.lua	app/aggress	遇敌/强敌玩法
lua/decompiled/src/app/aggress/layers/LayerBossDetail.lua	app/aggress	界面层与交互
lua/decompiled/src/app/aggress/layers/LayerBossRelated.lua	app/aggress	界面层与交互
lua/decompiled/src/app/aggress/layers/LayerGetAward.lua	app/aggress	界面层与交互
lua/decompiled/src/app/aggress/layers/LayerInvite.lua	app/aggress	界面层与交互
lua/decompiled/src/app/aggress/layers/LayerMeetBoss.lua	app/aggress	界面层与交互
lua/decompiled/src/app/aggress/layers/LayerRewardPreview.lua	app/aggress	界面层与交互
lua/decompiled/src/app/aggress/panel/PanelDumb.lua	app/aggress	遇敌/强敌玩法
lua/decompiled/src/app/aggress/scenes/SceneDumb.lua	app/aggress	场景入口与场景状态
lua/decompiled/src/app/babel/SceneBabel.lua	app/babel	爬塔/试炼
lua/decompiled/src/app/babel/icons/IconLog.lua	app/babel	爬塔/试炼
lua/decompiled/src/app/babel/icons/IconRank.lua	app/babel	爬塔/试炼
lua/decompiled/src/app/babel/layers/LayerAvoidWar.lua	app/babel	界面层与交互
lua/decompiled/src/app/babel/layers/LayerChallengeBabel.lua	app/babel	界面层与交互
lua/decompiled/src/app/babel/layers/LayerFightWin.lua	app/babel	界面层与交互
lua/decompiled/src/app/babel/layers/LayerLog.lua	app/babel	界面层与交互
lua/decompiled/src/app/babel/layers/LayerLogDetail.lua	app/babel	界面层与交互
lua/decompiled/src/app/babel/layers/LayerRank.lua	app/babel	界面层与交互
lua/decompiled/src/app/babel/layers/LayerRankDetail.lua	app/babel	界面层与交互
lua/decompiled/src/app/babel/layers/LayerRewardShow.lua	app/babel	界面层与交互
lua/decompiled/src/app/babel/layers/LayerSeatInfo.lua	app/babel	界面层与交互
lua/decompiled/src/app/babel/layers/LayerTip.lua	app/babel	界面层与交互
lua/decompiled/src/app/babel/layers/LayerToFight.lua	app/babel	界面层与交互
lua/decompiled/src/app/cimelia/CimeliaManager.lua	app/cimelia	法宝与法宝技能
lua/decompiled/src/app/cimelia/icons/IconCimeliaEquip.lua	app/cimelia	法宝与法宝技能
lua/decompiled/src/app/cimelia/icons/IconCimeliaRecipe.lua	app/cimelia	法宝与法宝技能
lua/decompiled/src/app/cimelia/icons/IconCimeliaUpgrade.lua	app/cimelia	法宝与法宝技能
lua/decompiled/src/app/cimelia/icons/IconCimeliaWiki.lua	app/cimelia	法宝与法宝技能
lua/decompiled/src/app/cimelia/layers/LayerCimeliaEquip.lua	app/cimelia	界面层与交互
lua/decompiled/src/app/cimelia/layers/LayerCimeliaRecast.lua	app/cimelia	界面层与交互
lua/decompiled/src/app/cimelia/layers/LayerCimeliaRecipe.lua	app/cimelia	界面层与交互
lua/decompiled/src/app/cimelia/layers/LayerCimeliaSynthesize.lua	app/cimelia	界面层与交互
lua/decompiled/src/app/cimelia/layers/LayerCimeliaUpgrade.lua	app/cimelia	界面层与交互
lua/decompiled/src/app/cimelia/layers/LayerCommon.lua	app/cimelia	界面层与交互
lua/decompiled/src/app/cimelia/panels/PanelSynthesizeCimelia.lua	app/cimelia	法宝与法宝技能
lua/decompiled/src/app/cimelia/scenes/SceneCimelia.lua	app/cimelia	场景入口与场景状态
lua/decompiled/src/app/communication/Const.lua	app/communication	网络协议/数据分发
lua/decompiled/src/app/communication/DTO.lua	app/communication	网络协议/数据分发
lua/decompiled/src/app/communication/DataLayer.lua	app/communication	网络协议/数据分发
lua/decompiled/src/app/communication/ErrorCode.lua	app/communication	网络协议/数据分发
lua/decompiled/src/app/communication/SocketAIMgr.lua	app/communication	网络协议/数据分发
lua/decompiled/src/app/communication/SocketEventTag.lua	app/communication	网络协议/数据分发
lua/decompiled/src/app/communication/SocketHandler.lua	app/communication	网络协议/数据分发
lua/decompiled/src/app/communication/SocketMgr.lua	app/communication	网络协议/数据分发
lua/decompiled/src/app/communication/USocket.lua	app/communication	网络协议/数据分发
lua/decompiled/src/app/component/BattleManager.lua	app/component	通用战斗/动画/UI组件
lua/decompiled/src/app/component/BloodBar.lua	app/component	通用战斗/动画/UI组件
lua/decompiled/src/app/component/CimeliaSkill.lua	app/component	通用战斗/动画/UI组件
lua/decompiled/src/app/component/CimeliaSkillOL.lua	app/component	通用战斗/动画/UI组件
lua/decompiled/src/app/component/CimeliaTowerSkill.lua	app/component	通用战斗/动画/UI组件
lua/decompiled/src/app/component/CimeliaTowerSkillOL.lua	app/component	通用战斗/动画/UI组件
lua/decompiled/src/app/component/ComponetMgr.lua	app/component	通用战斗/动画/UI组件
lua/decompiled/src/app/component/DYAnimator.lua	app/component	通用战斗/动画/UI组件
lua/decompiled/src/app/component/RelicsOLUnit.lua	app/component	通用战斗/动画/UI组件
lua/decompiled/src/app/component/RelicsUnit.lua	app/component	通用战斗/动画/UI组件
lua/decompiled/src/app/component/battleData/baseData.lua	app/component	通用战斗/动画/UI组件
lua/decompiled/src/app/equipment/EquipmentManager.lua	app/equipment	装备与背包
lua/decompiled/src/app/equipment/icons/IconBuddha.lua	app/equipment	装备与背包
lua/decompiled/src/app/equipment/icons/IconEquipment.lua	app/equipment	装备与背包
lua/decompiled/src/app/equipment/icons/IconPackage.lua	app/equipment	装备与背包
lua/decompiled/src/app/equipment/layers/LayerCommon.lua	app/equipment	界面层与交互
lua/decompiled/src/app/equipment/layers/LayerPreview.lua	app/equipment	界面层与交互
lua/decompiled/src/app/equipment/layers/LayerQuenching.lua	app/equipment	界面层与交互
lua/decompiled/src/app/equipment/layers/LayerResolve.lua	app/equipment	界面层与交互
lua/decompiled/src/app/equipment/layers/LayerUpgrade.lua	app/equipment	界面层与交互
lua/decompiled/src/app/equipment/layers/LayerUpstar.lua	app/equipment	界面层与交互
lua/decompiled/src/app/equipment/panels/PanelBuddha.lua	app/equipment	装备与背包
lua/decompiled/src/app/equipment/panels/PanelEquipInfo.lua	app/equipment	装备与背包
lua/decompiled/src/app/equipment/panels/PanelPackage.lua	app/equipment	装备与背包
lua/decompiled/src/app/equipment/panels/PanelUpgrade.lua	app/equipment	装备与背包
lua/decompiled/src/app/equipment/scenes/SceneEquipment.lua	app/equipment	场景入口与场景状态
lua/decompiled/src/app/friend/IconAddPanel.lua	app/friend	好友/聊天
lua/decompiled/src/app/friend/IconChatPanel.lua	app/friend	好友/聊天
lua/decompiled/src/app/friend/IconFriendItem.lua	app/friend	好友/聊天
lua/decompiled/src/app/friend/IconFriendPanel.lua	app/friend	好友/聊天
lua/decompiled/src/app/friend/LayerDeleteFriend.lua	app/friend	好友/聊天
lua/decompiled/src/app/friend/LayerFriendTeam.lua	app/friend	好友/聊天
lua/decompiled/src/app/friend/LayerFriends.lua	app/friend	好友/聊天
lua/decompiled/src/app/friend/LayerToAddFriend.lua	app/friend	好友/聊天
lua/decompiled/src/app/functions/DataUtils.lua	app/functions	业务数据转换与辅助函数
lua/decompiled/src/app/functions/addUserExp.lua	app/functions	业务数据转换与辅助函数
lua/decompiled/src/app/functions/getAIActions.lua	app/functions	业务数据转换与辅助函数
lua/decompiled/src/app/functions/getAchievementModel.lua	app/functions	业务数据转换与辅助函数
lua/decompiled/src/app/functions/getActivityModel.lua	app/functions	业务数据转换与辅助函数
lua/decompiled/src/app/functions/getActivityPlace.lua	app/functions	业务数据转换与辅助函数
lua/decompiled/src/app/functions/getBreakDataModel.lua	app/functions	业务数据转换与辅助函数
lua/decompiled/src/app/functions/getBuddhaFateModel.lua	app/functions	业务数据转换与辅助函数
lua/decompiled/src/app/functions/getBuddhaModel.lua	app/functions	业务数据转换与辅助函数
lua/decompiled/src/app/functions/getBuddhaSkillModel.lua	app/functions	业务数据转换与辅助函数
lua/decompiled/src/app/functions/getBuddhaTableOnTeam.lua	app/functions	业务数据转换与辅助函数
lua/decompiled/src/app/functions/getCimeliaModel.lua	app/functions	业务数据转换与辅助函数
lua/decompiled/src/app/functions/getCimeliaSkillModel.lua	app/functions	业务数据转换与辅助函数
lua/decompiled/src/app/functions/getCoinPic.lua	app/functions	业务数据转换与辅助函数
lua/decompiled/src/app/functions/getDailyTaskModel.lua	app/functions	业务数据转换与辅助函数
lua/decompiled/src/app/functions/getEquipmentModel.lua	app/functions	业务数据转换与辅助函数
lua/decompiled/src/app/functions/getInfiniteStageModel.lua	app/functions	业务数据转换与辅助函数
lua/decompiled/src/app/functions/getItemModel.lua	app/functions	业务数据转换与辅助函数
lua/decompiled/src/app/functions/getMonsterModel.lua	app/functions	业务数据转换与辅助函数
lua/decompiled/src/app/functions/getMonsterSkillModel.lua	app/functions	业务数据转换与辅助函数
lua/decompiled/src/app/functions/getOrderFriendList.lua	app/functions	业务数据转换与辅助函数
lua/decompiled/src/app/functions/getPVPActualModel.lua	app/functions	业务数据转换与辅助函数
lua/decompiled/src/app/functions/getPatrolTask.lua	app/functions	业务数据转换与辅助函数
lua/decompiled/src/app/functions/getPaymentModel.lua	app/functions	业务数据转换与辅助函数
lua/decompiled/src/app/functions/getSceneIconLocationTable.lua	app/functions	业务数据转换与辅助函数
lua/decompiled/src/app/functions/getShieldingWords.lua	app/functions	业务数据转换与辅助函数
lua/decompiled/src/app/functions/getSortedPaymentInfo.lua	app/functions	业务数据转换与辅助函数
lua/decompiled/src/app/functions/getSpiritCostBasic.lua	app/functions	业务数据转换与辅助函数
lua/decompiled/src/app/functions/getSpiritModel.lua	app/functions	业务数据转换与辅助函数
lua/decompiled/src/app/functions/getStageEssenceAddRate.lua	app/functions	业务数据转换与辅助函数
lua/decompiled/src/app/functions/getStageModel.lua	app/functions	业务数据转换与辅助函数
lua/decompiled/src/app/functions/getStageTaskModel.lua	app/functions	业务数据转换与辅助函数
lua/decompiled/src/app/functions/getStageTaskSubModel.lua	app/functions	业务数据转换与辅助函数
lua/decompiled/src/app/functions/getTeamStarFateModel.lua	app/functions	业务数据转换与辅助函数
lua/decompiled/src/app/functions/getTreasureModel.lua	app/functions	业务数据转换与辅助函数
lua/decompiled/src/app/functions/getTreasurePieceModel.lua	app/functions	业务数据转换与辅助函数
lua/decompiled/src/app/functions/getUnionBossData.lua	app/functions	业务数据转换与辅助函数
lua/decompiled/src/app/functions/getUnionContriData.lua	app/functions	业务数据转换与辅助函数
lua/decompiled/src/app/functions/getVipModel.lua	app/functions	业务数据转换与辅助函数
lua/decompiled/src/app/functions/saveLocalData.lua	app/functions	业务数据转换与辅助函数
lua/decompiled/src/app/functions/setNewBuddhaCloudData.lua	app/functions	业务数据转换与辅助函数
lua/decompiled/src/app/game/GameData.lua	app/game	战斗运行时与游戏状态
lua/decompiled/src/app/game/layers/LayerAggress.lua	app/game	界面层与交互
lua/decompiled/src/app/game/layers/LayerBabel.lua	app/game	界面层与交互
lua/decompiled/src/app/game/layers/LayerElite.lua	app/game	界面层与交互
lua/decompiled/src/app/game/layers/LayerInfinite.lua	app/game	界面层与交互
lua/decompiled/src/app/game/layers/LayerNormal.lua	app/game	界面层与交互
lua/decompiled/src/app/game/layers/LayerPVP.lua	app/game	界面层与交互
lua/decompiled/src/app/game/layers/LayerPVPAI.lua	app/game	界面层与交互
lua/decompiled/src/app/game/layers/LayerPVPOnline.lua	app/game	界面层与交互
lua/decompiled/src/app/game/layers/LayerPurgatory.lua	app/game	界面层与交互
lua/decompiled/src/app/game/layers/LayerStage0.lua	app/game	界面层与交互
lua/decompiled/src/app/game/layers/LayerTrain.lua	app/game	界面层与交互
lua/decompiled/src/app/game/layers/LayerTravel.lua	app/game	界面层与交互
lua/decompiled/src/app/game/layers/LayerUnionFight.lua	app/game	界面层与交互
lua/decompiled/src/app/game/managers/AIManager.lua	app/game	战斗运行时与游戏状态
lua/decompiled/src/app/game/panel/PanelBG.lua	app/game	战斗运行时与游戏状态
lua/decompiled/src/app/game/panel/PanelBossBar.lua	app/game	战斗运行时与游戏状态
lua/decompiled/src/app/game/panel/PanelCalBattleResult.lua	app/game	战斗运行时与游戏状态
lua/decompiled/src/app/game/panel/PanelCard.lua	app/game	战斗运行时与游戏状态
lua/decompiled/src/app/game/panel/PanelCimelia.lua	app/game	战斗运行时与游戏状态
lua/decompiled/src/app/game/panel/PanelCounter.lua	app/game	战斗运行时与游戏状态
lua/decompiled/src/app/game/panel/PanelDemoBuddha.lua	app/game	战斗运行时与游戏状态
lua/decompiled/src/app/game/panel/PanelGame.lua	app/game	战斗运行时与游戏状态
lua/decompiled/src/app/game/panel/PanelGroove.lua	app/game	战斗运行时与游戏状态
lua/decompiled/src/app/game/panel/PanelPause.lua	app/game	战斗运行时与游戏状态
lua/decompiled/src/app/game/panel/PanelRelics.lua	app/game	战斗运行时与游戏状态
lua/decompiled/src/app/game/panel/PanelSkill.lua	app/game	战斗运行时与游戏状态
lua/decompiled/src/app/game/panel/PanelSpirit.lua	app/game	战斗运行时与游戏状态
lua/decompiled/src/app/game/panel/PanelSpiritPVP.lua	app/game	战斗运行时与游戏状态
lua/decompiled/src/app/game/panel/PanelStage.lua	app/game	战斗运行时与游戏状态
lua/decompiled/src/app/game/panel/PanelTeam.lua	app/game	战斗运行时与游戏状态
lua/decompiled/src/app/game/panel/PanelTeamPVP.lua	app/game	战斗运行时与游戏状态
lua/decompiled/src/app/game/panel/PanelTimer.lua	app/game	战斗运行时与游戏状态
lua/decompiled/src/app/game/panel/PanelTimerInfinite.lua	app/game	战斗运行时与游戏状态
lua/decompiled/src/app/game/panel/PanelUnionTeam.lua	app/game	战斗运行时与游戏状态
lua/decompiled/src/app/game/panel/PanelWave.lua	app/game	战斗运行时与游戏状态
lua/decompiled/src/app/game/pvpOL/PanelAI.lua	app/game	战斗运行时与游戏状态
lua/decompiled/src/app/game/pvpOL/PanelCard.lua	app/game	战斗运行时与游戏状态
lua/decompiled/src/app/game/pvpOL/PanelCimelia.lua	app/game	战斗运行时与游戏状态
lua/decompiled/src/app/game/pvpOL/PanelEnemyInfo.lua	app/game	战斗运行时与游戏状态
lua/decompiled/src/app/game/pvpOL/PanelEnemyTower.lua	app/game	战斗运行时与游戏状态
lua/decompiled/src/app/game/pvpOL/PanelGame.lua	app/game	战斗运行时与游戏状态
lua/decompiled/src/app/game/pvpOL/PanelGroove.lua	app/game	战斗运行时与游戏状态
lua/decompiled/src/app/game/pvpOL/PanelRelics.lua	app/game	战斗运行时与游戏状态
lua/decompiled/src/app/game/pvpOL/PanelSkill.lua	app/game	战斗运行时与游戏状态
lua/decompiled/src/app/game/pvpOL/PanelSpirit.lua	app/game	战斗运行时与游戏状态
lua/decompiled/src/app/game/pvpOL/PanelTeam.lua	app/game	战斗运行时与游戏状态
lua/decompiled/src/app/game/pvpOL/PanelTimer.lua	app/game	战斗运行时与游戏状态
lua/decompiled/src/app/icons/AwakeSkillIcon.lua	app/icons	入口/章节/宝箱图标
lua/decompiled/src/app/icons/BuddhaFateIcon.lua	app/icons	入口/章节/宝箱图标
lua/decompiled/src/app/icons/BuddhaSkillIcon.lua	app/icons	入口/章节/宝箱图标
lua/decompiled/src/app/icons/DataLabelIcon.lua	app/icons	入口/章节/宝箱图标
lua/decompiled/src/app/icons/FramePrivilege.lua	app/icons	入口/章节/宝箱图标
lua/decompiled/src/app/icons/FrameRecharge.lua	app/icons	入口/章节/宝箱图标
lua/decompiled/src/app/icons/FunctionIcon.lua	app/icons	入口/章节/宝箱图标
lua/decompiled/src/app/icons/GridIcon.lua	app/icons	入口/章节/宝箱图标
lua/decompiled/src/app/icons/IconActivityBuy.lua	app/icons	入口/章节/宝箱图标
lua/decompiled/src/app/icons/IconActivityCard.lua	app/icons	入口/章节/宝箱图标
lua/decompiled/src/app/icons/IconActivitySeven.lua	app/icons	入口/章节/宝箱图标
lua/decompiled/src/app/icons/IconActivityShare.lua	app/icons	入口/章节/宝箱图标
lua/decompiled/src/app/icons/IconActivityTask.lua	app/icons	入口/章节/宝箱图标
lua/decompiled/src/app/icons/IconBox.lua	app/icons	入口/章节/宝箱图标
lua/decompiled/src/app/icons/IconChapter.lua	app/icons	入口/章节/宝箱图标
lua/decompiled/src/app/icons/IconExtraChapter.lua	app/icons	入口/章节/宝箱图标
lua/decompiled/src/app/icons/IconExtraStage.lua	app/icons	入口/章节/宝箱图标
lua/decompiled/src/app/icons/IconInvest.lua	app/icons	入口/章节/宝箱图标
lua/decompiled/src/app/icons/IconItem.lua	app/icons	入口/章节/宝箱图标
lua/decompiled/src/app/icons/IconPkBubble.lua	app/icons	入口/章节/宝箱图标
lua/decompiled/src/app/icons/IconRecharge.lua	app/icons	入口/章节/宝箱图标
lua/decompiled/src/app/icons/IconShop.lua	app/icons	入口/章节/宝箱图标
lua/decompiled/src/app/icons/IconStage.lua	app/icons	入口/章节/宝箱图标
lua/decompiled/src/app/icons/IconVipGift.lua	app/icons	入口/章节/宝箱图标
lua/decompiled/src/app/icons/PackageIcon.lua	app/icons	入口/章节/宝箱图标
lua/decompiled/src/app/icons/RankingIcon.lua	app/icons	入口/章节/宝箱图标
lua/decompiled/src/app/icons/SceneIcon.lua	app/icons	入口/章节/宝箱图标
lua/decompiled/src/app/icons/TeamFateIcon.lua	app/icons	入口/章节/宝箱图标
lua/decompiled/src/app/icons/TeamIcon.lua	app/icons	入口/章节/宝箱图标
lua/decompiled/src/app/icons/TreasurePage.lua	app/icons	入口/章节/宝箱图标
lua/decompiled/src/app/icons/TreasurePieceIcon.lua	app/icons	入口/章节/宝箱图标
lua/decompiled/src/app/icons/UpgradeBuddhaIcon.lua	app/icons	入口/章节/宝箱图标
lua/decompiled/src/app/init.lua	app	Lua 5.1 模块
lua/decompiled/src/app/kernel/DataModel.lua	app/kernel	Lua 5.1 模块
lua/decompiled/src/app/kernel/GameEvent.lua	app/kernel	Lua 5.1 模块
lua/decompiled/src/app/kernel/GameEventDispatcher.lua	app/kernel	Lua 5.1 模块
lua/decompiled/src/app/kernel/GameEventType.lua	app/kernel	Lua 5.1 模块
lua/decompiled/src/app/layers/AlertConnection.lua	app/layers	界面层与交互
lua/decompiled/src/app/layers/ConnectionLayer.lua	app/layers	界面层与交互
lua/decompiled/src/app/layers/ErrorCodeLayer.lua	app/layers	界面层与交互
lua/decompiled/src/app/layers/ForceUpdateLayer.lua	app/layers	界面层与交互
lua/decompiled/src/app/layers/LayerAccountLogin.lua	app/layers	界面层与交互
lua/decompiled/src/app/layers/LayerAccountShow.lua	app/layers	界面层与交互
lua/decompiled/src/app/layers/LayerAchievement.lua	app/layers	界面层与交互
lua/decompiled/src/app/layers/LayerActivity.lua	app/layers	界面层与交互
lua/decompiled/src/app/layers/LayerActivitySeven.lua	app/layers	界面层与交互
lua/decompiled/src/app/layers/LayerActivityVIP.lua	app/layers	界面层与交互
lua/decompiled/src/app/layers/LayerAwakeSkill.lua	app/layers	界面层与交互
lua/decompiled/src/app/layers/LayerBindPhone.lua	app/layers	界面层与交互
lua/decompiled/src/app/layers/LayerBoot.lua	app/layers	界面层与交互
lua/decompiled/src/app/layers/LayerBoxAnimation.lua	app/layers	界面层与交互
lua/decompiled/src/app/layers/LayerBoxShow.lua	app/layers	界面层与交互
lua/decompiled/src/app/layers/LayerBuddhaAdvance.lua	app/layers	界面层与交互
lua/decompiled/src/app/layers/LayerBuddhaAwake.lua	app/layers	界面层与交互
lua/decompiled/src/app/layers/LayerBuddhaBreak.lua	app/layers	界面层与交互
lua/decompiled/src/app/layers/LayerBuyVipGift.lua	app/layers	界面层与交互
lua/decompiled/src/app/layers/LayerChangeUserIcon.lua	app/layers	界面层与交互
lua/decompiled/src/app/layers/LayerChangeUserName.lua	app/layers	界面层与交互
lua/decompiled/src/app/layers/LayerChapter.lua	app/layers	界面层与交互
lua/decompiled/src/app/layers/LayerChat.lua	app/layers	界面层与交互
lua/decompiled/src/app/layers/LayerChatOperate.lua	app/layers	界面层与交互
lua/decompiled/src/app/layers/LayerDungeon.lua	app/layers	界面层与交互
lua/decompiled/src/app/layers/LayerEquipDetail.lua	app/layers	界面层与交互
lua/decompiled/src/app/layers/LayerErrorGameData.lua	app/layers	界面层与交互
lua/decompiled/src/app/layers/LayerExtraChapter.lua	app/layers	界面层与交互
lua/decompiled/src/app/layers/LayerExtraStageInfo.lua	app/layers	界面层与交互
lua/decompiled/src/app/layers/LayerFirstRecharge.lua	app/layers	界面层与交互
lua/decompiled/src/app/layers/LayerGuideStage3.lua	app/layers	界面层与交互
lua/decompiled/src/app/layers/LayerGuideStage9.lua	app/layers	界面层与交互
lua/decompiled/src/app/layers/LayerItem.lua	app/layers	界面层与交互
lua/decompiled/src/app/layers/LayerLackEnergy.lua	app/layers	界面层与交互
lua/decompiled/src/app/layers/LayerLackEssence.lua	app/layers	界面层与交互
lua/decompiled/src/app/layers/LayerLackPeach.lua	app/layers	界面层与交互
lua/decompiled/src/app/layers/LayerLevelUpAni.lua	app/layers	界面层与交互
lua/decompiled/src/app/layers/LayerMail.lua	app/layers	界面层与交互
lua/decompiled/src/app/layers/LayerMaintain.lua	app/layers	界面层与交互
lua/decompiled/src/app/layers/LayerMatchPVPOL.lua	app/layers	界面层与交互
lua/decompiled/src/app/layers/LayerNotice.lua	app/layers	界面层与交互
lua/decompiled/src/app/layers/LayerOfCDKey.lua	app/layers	界面层与交互
lua/decompiled/src/app/layers/LayerPVPEntrance.lua	app/layers	界面层与交互
lua/decompiled/src/app/layers/LayerPVPLackTime.lua	app/layers	界面层与交互
lua/decompiled/src/app/layers/LayerPVPLog.lua	app/layers	界面层与交互
lua/decompiled/src/app/layers/LayerPVPMatchInfo.lua	app/layers	界面层与交互
lua/decompiled/src/app/layers/LayerPVPOlResult.lua	app/layers	界面层与交互
lua/decompiled/src/app/layers/LayerPVPOlReward.lua	app/layers	界面层与交互
lua/decompiled/src/app/layers/LayerPVPTeam.lua	app/layers	界面层与交互
lua/decompiled/src/app/layers/LayerPackage.lua	app/layers	界面层与交互
lua/decompiled/src/app/layers/LayerPlace.lua	app/layers	界面层与交互
lua/decompiled/src/app/layers/LayerPurgatoryBox.lua	app/layers	界面层与交互
lua/decompiled/src/app/layers/LayerPvpRecordUp.lua	app/layers	界面层与交互
lua/decompiled/src/app/layers/LayerQuit.lua	app/layers	界面层与交互
lua/decompiled/src/app/layers/LayerRankList.lua	app/layers	界面层与交互
lua/decompiled/src/app/layers/LayerRankingAward.lua	app/layers	界面层与交互
lua/decompiled/src/app/layers/LayerReceivePkApply.lua	app/layers	界面层与交互
lua/decompiled/src/app/layers/LayerRecharge.lua	app/layers	界面层与交互
lua/decompiled/src/app/layers/LayerRule.lua	app/layers	界面层与交互
lua/decompiled/src/app/layers/LayerServers.lua	app/layers	界面层与交互
lua/decompiled/src/app/layers/LayerShopBuyConfirm.lua	app/layers	界面层与交互
lua/decompiled/src/app/layers/LayerShopNew.lua	app/layers	界面层与交互
lua/decompiled/src/app/layers/LayerSign.lua	app/layers	界面层与交互
lua/decompiled/src/app/layers/LayerSkillBooks.lua	app/layers	界面层与交互
lua/decompiled/src/app/layers/LayerStageInfo.lua	app/layers	界面层与交互
lua/decompiled/src/app/layers/LayerSummon.lua	app/layers	界面层与交互
lua/decompiled/src/app/layers/LayerSummonReward.lua	app/layers	界面层与交互
lua/decompiled/src/app/layers/LayerTeam.lua	app/layers	界面层与交互
lua/decompiled/src/app/layers/LayerTeamAssist.lua	app/layers	界面层与交互
lua/decompiled/src/app/layers/LayerTeamStar.lua	app/layers	界面层与交互
lua/decompiled/src/app/layers/LayerTest1Game.lua	app/layers	界面层与交互
lua/decompiled/src/app/layers/LayerToBeStronger.lua	app/layers	界面层与交互
lua/decompiled/src/app/layers/LayerTrainResult.lua	app/layers	界面层与交互
lua/decompiled/src/app/layers/LayerTravel.lua	app/layers	界面层与交互
lua/decompiled/src/app/layers/LayerTreasurePieceInfo.lua	app/layers	界面层与交互
lua/decompiled/src/app/layers/LayerUpdate.lua	app/layers	界面层与交互
lua/decompiled/src/app/layers/LayerUpdatePassword.lua	app/layers	界面层与交互
lua/decompiled/src/app/layers/LayerUpgradeSkill.lua	app/layers	界面层与交互
lua/decompiled/src/app/layers/LayerUserCenter.lua	app/layers	界面层与交互
lua/decompiled/src/app/layers/LayerVipShopClosed.lua	app/layers	界面层与交互
lua/decompiled/src/app/layers/LayerWaitPkApply.lua	app/layers	界面层与交互
lua/decompiled/src/app/layers/LayerWarResult.lua	app/layers	界面层与交互
lua/decompiled/src/app/layers/ListItemMail.lua	app/layers	界面层与交互
lua/decompiled/src/app/layers/NewFellowLayer.lua	app/layers	界面层与交互
lua/decompiled/src/app/layers/PanelGame.lua	app/layers	界面层与交互
lua/decompiled/src/app/layers/SurveyLayer.lua	app/layers	界面层与交互
lua/decompiled/src/app/layers/TreasureShowLayer.lua	app/layers	界面层与交互
lua/decompiled/src/app/layers/UpgradeBuddhaLayer.lua	app/layers	界面层与交互
lua/decompiled/src/app/locale/cn.lua	app/locale	Lua 5.1 模块
lua/decompiled/src/app/locale/tw.lua	app/locale	Lua 5.1 模块
lua/decompiled/src/app/models/AchievementModel.lua	app/models	业务模型
lua/decompiled/src/app/models/DailyTaskModel.lua	app/models	业务模型
lua/decompiled/src/app/models/PaymentModel.lua	app/models	业务模型
lua/decompiled/src/app/models/ShopGiftModel.lua	app/models	业务模型
lua/decompiled/src/app/models/SignRewardModel.lua	app/models	业务模型
lua/decompiled/src/app/models/StageTaskModel.lua	app/models	业务模型
lua/decompiled/src/app/models/StageTaskSubModel.lua	app/models	业务模型
lua/decompiled/src/app/profiles/AI.lua	app/profiles	静态配置/数据表
lua/decompiled/src/app/profiles/AI_infinite.lua	app/profiles	静态配置/数据表
lua/decompiled/src/app/profiles/achievement.lua	app/profiles	静态配置/数据表
lua/decompiled/src/app/profiles/action.lua	app/profiles	静态配置/数据表
lua/decompiled/src/app/profiles/actionSeries.lua	app/profiles	静态配置/数据表
lua/decompiled/src/app/profiles/activity.lua	app/profiles	静态配置/数据表
lua/decompiled/src/app/profiles/activityTask.lua	app/profiles	静态配置/数据表
lua/decompiled/src/app/profiles/activityTask1.lua	app/profiles	静态配置/数据表
lua/decompiled/src/app/profiles/activityTask2.lua	app/profiles	静态配置/数据表
lua/decompiled/src/app/profiles/activityTask3.lua	app/profiles	静态配置/数据表
lua/decompiled/src/app/profiles/activity_stage.lua	app/profiles	静态配置/数据表
lua/decompiled/src/app/profiles/aiStrategy.lua	app/profiles	静态配置/数据表
lua/decompiled/src/app/profiles/babel_seat.lua	app/profiles	静态配置/数据表
lua/decompiled/src/app/profiles/break_add.lua	app/profiles	静态配置/数据表
lua/decompiled/src/app/profiles/break_base.lua	app/profiles	静态配置/数据表
lua/decompiled/src/app/profiles/buddha.lua	app/profiles	静态配置/数据表
lua/decompiled/src/app/profiles/buddha_arousal.lua	app/profiles	静态配置/数据表
lua/decompiled/src/app/profiles/buddha_exp_cost.lua	app/profiles	静态配置/数据表
lua/decompiled/src/app/profiles/buddha_model.lua	app/profiles	静态配置/数据表
lua/decompiled/src/app/profiles/buddha_promote.lua	app/profiles	静态配置/数据表
lua/decompiled/src/app/profiles/buddha_skill.lua	app/profiles	静态配置/数据表
lua/decompiled/src/app/profiles/buddha_star.lua	app/profiles	静态配置/数据表
lua/decompiled/src/app/profiles/c_monster_tower.lua	app/profiles	静态配置/数据表
lua/decompiled/src/app/profiles/c_stage.lua	app/profiles	静态配置/数据表
lua/decompiled/src/app/profiles/chapter.lua	app/profiles	静态配置/数据表
lua/decompiled/src/app/profiles/chapter_h.lua	app/profiles	静态配置/数据表
lua/decompiled/src/app/profiles/chapter_location.lua	app/profiles	静态配置/数据表
lua/decompiled/src/app/profiles/cimelia.lua	app/profiles	静态配置/数据表
lua/decompiled/src/app/profiles/cimelia_exp.lua	app/profiles	静态配置/数据表
lua/decompiled/src/app/profiles/cimelia_gradeup.lua	app/profiles	静态配置/数据表
lua/decompiled/src/app/profiles/cimelia_props.lua	app/profiles	静态配置/数据表
lua/decompiled/src/app/profiles/cimelia_quality.lua	app/profiles	静态配置/数据表
lua/decompiled/src/app/profiles/cimelia_recast.lua	app/profiles	静态配置/数据表
lua/decompiled/src/app/profiles/cimelia_skill.lua	app/profiles	静态配置/数据表
lua/decompiled/src/app/profiles/const.lua	app/profiles	静态配置/数据表
lua/decompiled/src/app/profiles/countConsume.lua	app/profiles	静态配置/数据表
lua/decompiled/src/app/profiles/d_monster_tower.lua	app/profiles	静态配置/数据表
lua/decompiled/src/app/profiles/d_stage.lua	app/profiles	静态配置/数据表
lua/decompiled/src/app/profiles/demoBuddha.lua	app/profiles	静态配置/数据表
lua/decompiled/src/app/profiles/dialogue.lua	app/profiles	静态配置/数据表
lua/decompiled/src/app/profiles/elite_location.lua	app/profiles	静态配置/数据表
lua/decompiled/src/app/profiles/equipment.lua	app/profiles	静态配置/数据表
lua/decompiled/src/app/profiles/equipment_props.lua	app/profiles	静态配置/数据表
lua/decompiled/src/app/profiles/equipment_star.lua	app/profiles	静态配置/数据表
lua/decompiled/src/app/profiles/equipment_suit.lua	app/profiles	静态配置/数据表
lua/decompiled/src/app/profiles/equipment_upgrade.lua	app/profiles	静态配置/数据表
lua/decompiled/src/app/profiles/fate.lua	app/profiles	静态配置/数据表
lua/decompiled/src/app/profiles/fortune_wheel.lua	app/profiles	静态配置/数据表
lua/decompiled/src/app/profiles/game_item.lua	app/profiles	静态配置/数据表
lua/decompiled/src/app/profiles/gift.lua	app/profiles	静态配置/数据表
lua/decompiled/src/app/profiles/goods_info.lua	app/profiles	静态配置/数据表
lua/decompiled/src/app/profiles/itempool_info.lua	app/profiles	静态配置/数据表
lua/decompiled/src/app/profiles/levelUpTips.lua	app/profiles	静态配置/数据表
lua/decompiled/src/app/profiles/monster.lua	app/profiles	静态配置/数据表
lua/decompiled/src/app/profiles/monster_infinite.lua	app/profiles	静态配置/数据表
lua/decompiled/src/app/profiles/monster_piece.lua	app/profiles	静态配置/数据表
lua/decompiled/src/app/profiles/monster_piece_loot.lua	app/profiles	静态配置/数据表
lua/decompiled/src/app/profiles/monster_tower.lua	app/profiles	静态配置/数据表
lua/decompiled/src/app/profiles/monster_wave.lua	app/profiles	静态配置/数据表
lua/decompiled/src/app/profiles/newguide.lua	app/profiles	静态配置/数据表
lua/decompiled/src/app/profiles/nianhurt.lua	app/profiles	静态配置/数据表
lua/decompiled/src/app/profiles/nianrank.lua	app/profiles	静态配置/数据表
lua/decompiled/src/app/profiles/package.lua	app/profiles	静态配置/数据表
lua/decompiled/src/app/profiles/patrol.lua	app/profiles	静态配置/数据表
lua/decompiled/src/app/profiles/patrol_goal.lua	app/profiles	静态配置/数据表
lua/decompiled/src/app/profiles/payment.lua	app/profiles	静态配置/数据表
lua/decompiled/src/app/profiles/player_exp.lua	app/profiles	静态配置/数据表
lua/decompiled/src/app/profiles/purgatory_box.lua	app/profiles	静态配置/数据表
lua/decompiled/src/app/profiles/pvp_actual.lua	app/profiles	静态配置/数据表
lua/decompiled/src/app/profiles/pvp_fightaward.lua	app/profiles	静态配置/数据表
lua/decompiled/src/app/profiles/relics_skill.lua	app/profiles	静态配置/数据表
lua/decompiled/src/app/profiles/resouceCim.lua	app/profiles	静态配置/数据表
lua/decompiled/src/app/profiles/rule.lua	app/profiles	静态配置/数据表
lua/decompiled/src/app/profiles/scene_icon_location.lua	app/profiles	静态配置/数据表
lua/decompiled/src/app/profiles/sevenActivity.lua	app/profiles	静态配置/数据表
lua/decompiled/src/app/profiles/sevenTask.lua	app/profiles	静态配置/数据表
lua/decompiled/src/app/profiles/shielding_words.lua	app/profiles	静态配置/数据表
lua/decompiled/src/app/profiles/shop.lua	app/profiles	静态配置/数据表
lua/decompiled/src/app/profiles/shop_activity.lua	app/profiles	静态配置/数据表
lua/decompiled/src/app/profiles/shop_union.lua	app/profiles	静态配置/数据表
lua/decompiled/src/app/profiles/shuffle.lua	app/profiles	静态配置/数据表
lua/decompiled/src/app/profiles/spirit.lua	app/profiles	静态配置/数据表
lua/decompiled/src/app/profiles/spirit_cost_basic.lua	app/profiles	静态配置/数据表
lua/decompiled/src/app/profiles/spirit_pvp.lua	app/profiles	静态配置/数据表
lua/decompiled/src/app/profiles/stage.lua	app/profiles	静态配置/数据表
lua/decompiled/src/app/profiles/stageBG.lua	app/profiles	静态配置/数据表
lua/decompiled/src/app/profiles/stage_aggress.lua	app/profiles	静态配置/数据表
lua/decompiled/src/app/profiles/stage_babel.lua	app/profiles	静态配置/数据表
lua/decompiled/src/app/profiles/stage_infinite.lua	app/profiles	静态配置/数据表
lua/decompiled/src/app/profiles/stage_purgatory.lua	app/profiles	静态配置/数据表
lua/decompiled/src/app/profiles/stage_travel.lua	app/profiles	静态配置/数据表
lua/decompiled/src/app/profiles/stove.lua	app/profiles	静态配置/数据表
lua/decompiled/src/app/profiles/stove_crit.lua	app/profiles	静态配置/数据表
lua/decompiled/src/app/profiles/strategy.lua	app/profiles	静态配置/数据表
lua/decompiled/src/app/profiles/strategy_infinite.lua	app/profiles	静态配置/数据表
lua/decompiled/src/app/profiles/task_box.lua	app/profiles	静态配置/数据表
lua/decompiled/src/app/profiles/task_daily.lua	app/profiles	静态配置/数据表
lua/decompiled/src/app/profiles/task_stage/task_stage.lua	app/profiles	静态配置/数据表
lua/decompiled/src/app/profiles/task_stage/task_stage1.lua	app/profiles	静态配置/数据表
lua/decompiled/src/app/profiles/task_stage/task_stage2.lua	app/profiles	静态配置/数据表
lua/decompiled/src/app/profiles/task_stage/task_stage3.lua	app/profiles	静态配置/数据表
lua/decompiled/src/app/profiles/task_stage/task_stage4.lua	app/profiles	静态配置/数据表
lua/decompiled/src/app/profiles/task_stage/task_stage5.lua	app/profiles	静态配置/数据表
lua/decompiled/src/app/profiles/task_stage/task_stage6.lua	app/profiles	静态配置/数据表
lua/decompiled/src/app/profiles/task_stage/task_stage7.lua	app/profiles	静态配置/数据表
lua/decompiled/src/app/profiles/task_stage/task_stage8.lua	app/profiles	静态配置/数据表
lua/decompiled/src/app/profiles/teamGrid.lua	app/profiles	静态配置/数据表
lua/decompiled/src/app/profiles/team_grid.lua	app/profiles	静态配置/数据表
lua/decompiled/src/app/profiles/team_starfate.lua	app/profiles	静态配置/数据表
lua/decompiled/src/app/profiles/treasure.lua	app/profiles	静态配置/数据表
lua/decompiled/src/app/profiles/treasure_piece.lua	app/profiles	静态配置/数据表
lua/decompiled/src/app/profiles/union_boss_feed.lua	app/profiles	静态配置/数据表
lua/decompiled/src/app/profiles/union_construct_prize.lua	app/profiles	静态配置/数据表
lua/decompiled/src/app/profiles/union_war_s.lua	app/profiles	静态配置/数据表
lua/decompiled/src/app/profiles/upgrade_properties.lua	app/profiles	静态配置/数据表
lua/decompiled/src/app/profiles/username.lua	app/profiles	静态配置/数据表
lua/decompiled/src/app/profiles/vip.lua	app/profiles	静态配置/数据表
lua/decompiled/src/app/pvponline/IconRewardPerGame.lua	app/pvponline	在线PVP
lua/decompiled/src/app/pvponline/IconRewardSeasonHonor.lua	app/pvponline	在线PVP
lua/decompiled/src/app/pvponline/IconRewardSeasonRank.lua	app/pvponline	在线PVP
lua/decompiled/src/app/pvponline/LayerCompeteAlert.lua	app/pvponline	在线PVP
lua/decompiled/src/app/pvponline/LayerCompeteInfo.lua	app/pvponline	在线PVP
lua/decompiled/src/app/pvponline/LayerPVPOlRankAward.lua	app/pvponline	在线PVP
lua/decompiled/src/app/pvponline/LayerPVPOlShop.lua	app/pvponline	在线PVP
lua/decompiled/src/app/pvponline/LayerRankInfo.lua	app/pvponline	在线PVP
lua/decompiled/src/app/pvponline/PanelTopInfo.lua	app/pvponline	在线PVP
lua/decompiled/src/app/scenes/ChapterScene.lua	app/scenes	场景入口与场景状态
lua/decompiled/src/app/scenes/GameScene.lua	app/scenes	场景入口与场景状态
lua/decompiled/src/app/scenes/InfiniteModeEntrance.lua	app/scenes	场景入口与场景状态
lua/decompiled/src/app/scenes/LoadingScene.lua	app/scenes	场景入口与场景状态
lua/decompiled/src/app/scenes/MainScene.lua	app/scenes	场景入口与场景状态
lua/decompiled/src/app/scenes/OpeningComicScene.lua	app/scenes	场景入口与场景状态
lua/decompiled/src/app/scenes/PVPOnline.lua	app/scenes	场景入口与场景状态
lua/decompiled/src/app/scenes/SceneGame.lua	app/scenes	场景入口与场景状态
lua/decompiled/src/app/scenes/SceneLogin.lua	app/scenes	场景入口与场景状态
lua/decompiled/src/app/scenes/ScenePVP.lua	app/scenes	场景入口与场景状态
lua/decompiled/src/app/scenes/ScenePVPOnline.lua	app/scenes	场景入口与场景状态
lua/decompiled/src/app/scenes/ScenePlace.lua	app/scenes	场景入口与场景状态
lua/decompiled/src/app/scenes/ScenePurgatory.lua	app/scenes	场景入口与场景状态
lua/decompiled/src/app/scenes/SceneShop.lua	app/scenes	场景入口与场景状态
lua/decompiled/src/app/scenes/SceneStage.lua	app/scenes	场景入口与场景状态
lua/decompiled/src/app/scenes/SceneSummon.lua	app/scenes	场景入口与场景状态
lua/decompiled/src/app/scenes/SceneTravel.lua	app/scenes	场景入口与场景状态
lua/decompiled/src/app/scenes/SceneTreasure.lua	app/scenes	场景入口与场景状态
lua/decompiled/src/app/scenes/SceneWiki.lua	app/scenes	场景入口与场景状态
lua/decompiled/src/app/scenes/TestScene.lua	app/scenes	场景入口与场景状态
lua/decompiled/src/app/scenes/TinyLoadingScene.lua	app/scenes	场景入口与场景状态
lua/decompiled/src/app/scenes/UpgradeScene.lua	app/scenes	场景入口与场景状态
lua/decompiled/src/app/skill/Buff.lua	app/skill	Lua 5.1 模块
lua/decompiled/src/app/skill/BuffView.lua	app/skill	Lua 5.1 模块
lua/decompiled/src/app/skill/Skill.lua	app/skill	Lua 5.1 模块
lua/decompiled/src/app/sprites/Actor.lua	app/sprites	角色/敌人/特效显示
lua/decompiled/src/app/sprites/BattleTimer.lua	app/sprites	角色/敌人/特效显示
lua/decompiled/src/app/sprites/Buddha.lua	app/sprites	角色/敌人/特效显示
lua/decompiled/src/app/sprites/BuffNotice.lua	app/sprites	角色/敌人/特效显示
lua/decompiled/src/app/sprites/CimeliaRangeTips.lua	app/sprites	角色/敌人/特效显示
lua/decompiled/src/app/sprites/Monster.lua	app/sprites	角色/敌人/特效显示
lua/decompiled/src/app/sprites/MonsterBoss.lua	app/sprites	角色/敌人/特效显示
lua/decompiled/src/app/sprites/PanelComic.lua	app/sprites	角色/敌人/特效显示
lua/decompiled/src/app/sprites/PanelMoonBox.lua	app/sprites	角色/敌人/特效显示
lua/decompiled/src/app/sprites/SpecialArea.lua	app/sprites	角色/敌人/特效显示
lua/decompiled/src/app/sprites/SpiritCounter.lua	app/sprites	角色/敌人/特效显示
lua/decompiled/src/app/sprites/TowerBuddha.lua	app/sprites	角色/敌人/特效显示
lua/decompiled/src/app/sprites/TowerBuddhaES.lua	app/sprites	角色/敌人/特效显示
lua/decompiled/src/app/sprites/TowerMonster.lua	app/sprites	角色/敌人/特效显示
lua/decompiled/src/app/sprites/TowerMonsterES.lua	app/sprites	角色/敌人/特效显示
lua/decompiled/src/app/sprites/pvp/BattleMgrOL.lua	app/sprites	角色/敌人/特效显示
lua/decompiled/src/app/sprites/pvp/BuffModel.lua	app/sprites	角色/敌人/特效显示
lua/decompiled/src/app/sprites/pvp/BuffViewOL.lua	app/sprites	角色/敌人/特效显示
lua/decompiled/src/app/sprites/pvp/CimeliaSkillModel.lua	app/sprites	角色/敌人/特效显示
lua/decompiled/src/app/sprites/pvp/CimeliaSkillView.lua	app/sprites	角色/敌人/特效显示
lua/decompiled/src/app/sprites/pvp/SkillModel.lua	app/sprites	角色/敌人/特效显示
lua/decompiled/src/app/sprites/pvp/SkipUnionBattle.lua	app/sprites	角色/敌人/特效显示
lua/decompiled/src/app/sprites/pvp/SpriteActorModel.lua	app/sprites	角色/敌人/特效显示
lua/decompiled/src/app/sprites/pvp/SpriteActorPlace.lua	app/sprites	角色/敌人/特效显示
lua/decompiled/src/app/sprites/pvp/SpriteActorView.lua	app/sprites	角色/敌人/特效显示
lua/decompiled/src/app/sprites/pvp/SpriteAreaSkill.lua	app/sprites	角色/敌人/特效显示
lua/decompiled/src/app/sprites/pvp/SpriteViewMgr.lua	app/sprites	角色/敌人/特效显示
lua/decompiled/src/app/sprites/pvp/TowerBuddhaModel.lua	app/sprites	角色/敌人/特效显示
lua/decompiled/src/app/sprites/pvp/TowerMonsterModel.lua	app/sprites	角色/敌人/特效显示
lua/decompiled/src/app/sprites/pvp/resouceCim.lua	app/sprites	角色/敌人/特效显示
lua/decompiled/src/app/union/icons/IconBattleAward.lua	app/union	帮派/联盟
lua/decompiled/src/app/union/icons/IconBattleLog.lua	app/union	帮派/联盟
lua/decompiled/src/app/union/icons/IconBooty.lua	app/union	帮派/联盟
lua/decompiled/src/app/union/icons/IconRankAttack.lua	app/union	帮派/联盟
lua/decompiled/src/app/union/icons/IconRankGuard.lua	app/union	帮派/联盟
lua/decompiled/src/app/union/layers/LayerBattleAward.lua	app/union	界面层与交互
lua/decompiled/src/app/union/layers/LayerBattleResult.lua	app/union	界面层与交互
lua/decompiled/src/app/union/layers/LayerBooty.lua	app/union	界面层与交互
lua/decompiled/src/app/union/layers/LayerBoxDistribute.lua	app/union	界面层与交互
lua/decompiled/src/app/union/layers/LayerCommon.lua	app/union	界面层与交互
lua/decompiled/src/app/union/layers/LayerContriRecord.lua	app/union	界面层与交互
lua/decompiled/src/app/union/layers/LayerFairyland.lua	app/union	界面层与交互
lua/decompiled/src/app/union/layers/LayerMemberApply.lua	app/union	界面层与交互
lua/decompiled/src/app/union/layers/LayerPatrol.lua	app/union	界面层与交互
lua/decompiled/src/app/union/layers/LayerPatrolGoal.lua	app/union	界面层与交互
lua/decompiled/src/app/union/layers/LayerPatrolMission.lua	app/union	界面层与交互
lua/decompiled/src/app/union/layers/LayerPatrolRent.lua	app/union	界面层与交互
lua/decompiled/src/app/union/layers/LayerPatrolTaskInfo.lua	app/union	界面层与交互
lua/decompiled/src/app/union/layers/LayerTip.lua	app/union	界面层与交互
lua/decompiled/src/app/union/layers/LayerUnionApply.lua	app/union	界面层与交互
lua/decompiled/src/app/union/layers/LayerUnionBoss.lua	app/union	界面层与交互
lua/decompiled/src/app/union/layers/LayerUnionBossFeed.lua	app/union	界面层与交互
lua/decompiled/src/app/union/layers/LayerUnionBossRecord.lua	app/union	界面层与交互
lua/decompiled/src/app/union/layers/LayerUnionContribute.lua	app/union	界面层与交互
lua/decompiled/src/app/union/layers/LayerUnionInfo.lua	app/union	界面层与交互
lua/decompiled/src/app/union/layers/LayerUnionList.lua	app/union	界面层与交互
lua/decompiled/src/app/union/layers/LayerUnionMember.lua	app/union	界面层与交互
lua/decompiled/src/app/union/layers/LayerUnionShop.lua	app/union	界面层与交互
lua/decompiled/src/app/union/layers/LayerWarSituation.lua	app/union	界面层与交互
lua/decompiled/src/app/union/panel/PanelContriRecord.lua	app/union	帮派/联盟
lua/decompiled/src/app/union/panel/PanelMember.lua	app/union	帮派/联盟
lua/decompiled/src/app/union/panel/PanelMemberApply.lua	app/union	帮派/联盟
lua/decompiled/src/app/union/scenes/SceneUnion.lua	app/union	场景入口与场景状态
lua/decompiled/src/app/union/scenes/SceneUnionBattle.lua	app/union	场景入口与场景状态
lua/decompiled/src/app/union/scenes/SceneUnionBattleMain.lua	app/union	场景入口与场景状态
lua/decompiled/src/app/union/scenes/SceneUnionBattleMatch.lua	app/union	场景入口与场景状态
lua/decompiled/src/app/utils/CSVParser.lua	app/utils	资源/文件/时间/通用工具
lua/decompiled/src/app/utils/Clist.lua	app/utils	资源/文件/时间/通用工具
lua/decompiled/src/app/utils/CloudData.lua	app/utils	资源/文件/时间/通用工具
lua/decompiled/src/app/utils/DataRetainer.lua	app/utils	资源/文件/时间/通用工具
lua/decompiled/src/app/utils/EffectMgr.lua	app/utils	资源/文件/时间/通用工具
lua/decompiled/src/app/utils/EnvMgr.lua	app/utils	资源/文件/时间/通用工具
lua/decompiled/src/app/utils/GameDialogue.lua	app/utils	资源/文件/时间/通用工具
lua/decompiled/src/app/utils/GameManager.lua	app/utils	资源/文件/时间/通用工具
lua/decompiled/src/app/utils/NoviceGuide.lua	app/utils	资源/文件/时间/通用工具
lua/decompiled/src/app/utils/PaymentInfo.lua	app/utils	资源/文件/时间/通用工具
lua/decompiled/src/app/utils/RichLabel.lua	app/utils	资源/文件/时间/通用工具
lua/decompiled/src/app/utils/ScrollCaption.lua	app/utils	资源/文件/时间/通用工具
lua/decompiled/src/app/utils/WSToast.lua	app/utils	资源/文件/时间/通用工具
lua/decompiled/src/app/utils/WordsTool.lua	app/utils	资源/文件/时间/通用工具
lua/decompiled/src/cocos/cocos2d/Cocos2d.lua	cocos/cocos2d	Cocos Lua封装
lua/decompiled/src/cocos/cocos2d/Cocos2dConstants.lua	cocos/cocos2d	Cocos Lua封装
lua/decompiled/src/cocos/cocos2d/DeprecatedCocos2dClass.lua	cocos/cocos2d	Cocos Lua封装
lua/decompiled/src/cocos/cocos2d/DeprecatedCocos2dEnum.lua	cocos/cocos2d	Cocos Lua封装
lua/decompiled/src/cocos/cocos2d/DeprecatedCocos2dFunc.lua	cocos/cocos2d	Cocos Lua封装
lua/decompiled/src/cocos/cocos2d/DeprecatedOpenglEnum.lua	cocos/cocos2d	Cocos Lua封装
lua/decompiled/src/cocos/cocos2d/DrawPrimitives.lua	cocos/cocos2d	Cocos Lua封装
lua/decompiled/src/cocos/cocos2d/Opengl.lua	cocos/cocos2d	Cocos Lua封装
lua/decompiled/src/cocos/cocos2d/OpenglConstants.lua	cocos/cocos2d	Cocos Lua封装
lua/decompiled/src/cocos/cocos2d/bitExtend.lua	cocos/cocos2d	Cocos Lua封装
lua/decompiled/src/cocos/cocos2d/extern.lua	cocos/cocos2d	Cocos Lua封装
lua/decompiled/src/cocos/cocos2d/json.lua	cocos/cocos2d	Cocos Lua封装
lua/decompiled/src/cocos/cocos2d/luaj.lua	cocos/cocos2d	Cocos Lua封装
lua/decompiled/src/cocos/cocos2d/luaoc.lua	cocos/cocos2d	Cocos Lua封装
lua/decompiled/src/cocos/cocosbuilder/CCBReaderLoad.lua	cocos/cocosbuilder	Cocos Lua封装
lua/decompiled/src/cocos/cocosbuilder/DeprecatedCocosBuilderClass.lua	cocos/cocosbuilder	Cocos Lua封装
lua/decompiled/src/cocos/cocosdenshion/AudioEngine.lua	cocos/cocosdenshion	Cocos Lua封装
lua/decompiled/src/cocos/cocosdenshion/DeprecatedCocosDenshionClass.lua	cocos/cocosdenshion	Cocos Lua封装
lua/decompiled/src/cocos/cocosdenshion/DeprecatedCocosDenshionFunc.lua	cocos/cocosdenshion	Cocos Lua封装
lua/decompiled/src/cocos/cocostudio/CocoStudio.lua	cocos/cocostudio	Cocos Lua封装
lua/decompiled/src/cocos/cocostudio/DeprecatedCocoStudioClass.lua	cocos/cocostudio	Cocos Lua封装
lua/decompiled/src/cocos/cocostudio/DeprecatedCocoStudioFunc.lua	cocos/cocostudio	Cocos Lua封装
lua/decompiled/src/cocos/cocostudio/StudioConstants.lua	cocos/cocostudio	Cocos Lua封装
lua/decompiled/src/cocos/controller/ControllerConstants.lua	cocos/controller	Cocos Lua封装
lua/decompiled/src/cocos/extension/DeprecatedExtensionClass.lua	cocos/extension	Cocos Lua封装
lua/decompiled/src/cocos/extension/DeprecatedExtensionEnum.lua	cocos/extension	Cocos Lua封装
lua/decompiled/src/cocos/extension/DeprecatedExtensionFunc.lua	cocos/extension	Cocos Lua封装
lua/decompiled/src/cocos/extension/ExtensionConstants.lua	cocos/extension	Cocos Lua封装
lua/decompiled/src/cocos/init.lua	cocos	Cocos Lua封装
lua/decompiled/src/cocos/network/DeprecatedNetworkClass.lua	cocos/network	Cocos Lua封装
lua/decompiled/src/cocos/network/DeprecatedNetworkEnum.lua	cocos/network	Cocos Lua封装
lua/decompiled/src/cocos/network/DeprecatedNetworkFunc.lua	cocos/network	Cocos Lua封装
lua/decompiled/src/cocos/network/NetworkConstants.lua	cocos/network	Cocos Lua封装
lua/decompiled/src/cocos/spine/SpineConstants.lua	cocos/spine	Cocos Lua封装
lua/decompiled/src/cocos/ui/DeprecatedUIEnum.lua	cocos/ui	Cocos Lua封装
lua/decompiled/src/cocos/ui/DeprecatedUIFunc.lua	cocos/ui	Cocos Lua封装
lua/decompiled/src/cocos/ui/GuiConstants.lua	cocos/ui	Cocos Lua封装
lua/decompiled/src/cocos/ui/experimentalUIConstants.lua	cocos/ui	Cocos Lua封装
lua/decompiled/src/config.lua	config.lua	Lua 5.1 模块
lua/decompiled/src/demo/LayerTestCCB.lua	demo	Lua 5.1 模块
lua/decompiled/src/demo/MainScene.lua	demo	Lua 5.1 模块
lua/decompiled/src/demo/MyApp.lua	demo	Lua 5.1 模块
lua/decompiled/src/demo/init.lua	demo	Lua 5.1 模块
lua/decompiled/src/demo/locale/cn.lua	demo/locale	Lua 5.1 模块
lua/decompiled/src/demo/locale/en.lua	demo/locale	Lua 5.1 模块
lua/decompiled/src/dygame/common/DYAnalyze.lua	dygame/common	原生桥接/HTTP/登录/支付
lua/decompiled/src/dygame/common/DYCommon.lua	dygame/common	原生桥接/HTTP/登录/支付
lua/decompiled/src/dygame/common/DYFavMgr.lua	dygame/common	原生桥接/HTTP/登录/支付
lua/decompiled/src/dygame/common/DYHttpMgr.lua	dygame/common	原生桥接/HTTP/登录/支付
lua/decompiled/src/dygame/common/DYIAPMgr.lua	dygame/common	原生桥接/HTTP/登录/支付
lua/decompiled/src/dygame/common/DYKeypadMgr.lua	dygame/common	原生桥接/HTTP/登录/支付
lua/decompiled/src/dygame/common/DYLoginMgr.lua	dygame/common	原生桥接/HTTP/登录/支付
lua/decompiled/src/dygame/common/DYPushMgr.lua	dygame/common	原生桥接/HTTP/登录/支付
lua/decompiled/src/dygame/common/DYShareMgr.lua	dygame/common	原生桥接/HTTP/登录/支付
lua/decompiled/src/dygame/common/DYSoundMgr.lua	dygame/common	原生桥接/HTTP/登录/支付
lua/decompiled/src/dygame/common/DY_KEY.lua	dygame/common	原生桥接/HTTP/登录/支付
lua/decompiled/src/dygame/common/DY_SND.lua	dygame/common	原生桥接/HTTP/登录/支付
lua/decompiled/src/dygame/demo/DYDemoLayer.lua	dygame/demo	Lua 5.1 模块
lua/decompiled/src/dygame/demo/DYDemoScene.lua	dygame/demo	Lua 5.1 模块
lua/decompiled/src/dygame/init.lua	dygame	Lua 5.1 模块
lua/decompiled/src/dygame/ui/DYBoxLayout.lua	dygame/ui	Lua 5.1 模块
lua/decompiled/src/dygame/ui/DYButton.lua	dygame/ui	Lua 5.1 模块
lua/decompiled/src/dygame/ui/DYButtonDeprecated.lua	dygame/ui	Lua 5.1 模块
lua/decompiled/src/dygame/ui/DYCheckBoxButton.lua	dygame/ui	Lua 5.1 模块
lua/decompiled/src/dygame/ui/DYCheckBoxButtonGroup.lua	dygame/ui	Lua 5.1 模块
lua/decompiled/src/dygame/ui/DYGroup.lua	dygame/ui	Lua 5.1 模块
lua/decompiled/src/dygame/ui/DYImage.lua	dygame/ui	Lua 5.1 模块
lua/decompiled/src/dygame/ui/DYInput.lua	dygame/ui	Lua 5.1 模块
lua/decompiled/src/dygame/ui/DYLabel.lua	dygame/ui	Lua 5.1 模块
lua/decompiled/src/dygame/ui/DYLabelTTF.lua	dygame/ui	Lua 5.1 模块
lua/decompiled/src/dygame/ui/DYLayout.lua	dygame/ui	Lua 5.1 模块
lua/decompiled/src/dygame/ui/DYListView.lua	dygame/ui	Lua 5.1 模块
lua/decompiled/src/dygame/ui/DYListViewItem.lua	dygame/ui	Lua 5.1 模块
lua/decompiled/src/dygame/ui/DYLoadingBar.lua	dygame/ui	Lua 5.1 模块
lua/decompiled/src/dygame/ui/DYPageView.lua	dygame/ui	Lua 5.1 模块
lua/decompiled/src/dygame/ui/DYPageViewItem.lua	dygame/ui	Lua 5.1 模块
lua/decompiled/src/dygame/ui/DYProgress.lua	dygame/ui	Lua 5.1 模块
lua/decompiled/src/dygame/ui/DYPushButton.lua	dygame/ui	Lua 5.1 模块
lua/decompiled/src/dygame/ui/DYRichTextUI.lua	dygame/ui	Lua 5.1 模块
lua/decompiled/src/dygame/ui/DYRollnum.lua	dygame/ui	Lua 5.1 模块
lua/decompiled/src/dygame/ui/DYScrollView.lua	dygame/ui	Lua 5.1 模块
lua/decompiled/src/dygame/ui/DYShake.lua	dygame/ui	Lua 5.1 模块
lua/decompiled/src/dygame/ui/DYSlider.lua	dygame/ui	Lua 5.1 模块
lua/decompiled/src/dygame/ui/DYStretch.lua	dygame/ui	Lua 5.1 模块
lua/decompiled/src/dygame/ui/DYToast.lua	dygame/ui	Lua 5.1 模块
lua/decompiled/src/dygame/ui/DYTouchMaskLayer.lua	dygame/ui	Lua 5.1 模块
lua/decompiled/src/dygame/units/DYHttpProxy.lua	dygame/units	Lua 5.1 模块
lua/decompiled/src/dygame/units/DYSocketProxy.lua	dygame/units	Lua 5.1 模块
lua/decompiled/src/dygame/units/DYUnitBase.lua	dygame/units	Lua 5.1 模块
lua/decompiled/src/dygame/units/DYWidgetBinder.lua	dygame/units	Lua 5.1 模块
lua/decompiled/src/dygame/utils/DYConst.lua	dygame/utils	资源/文件/时间/通用工具
lua/decompiled/src/dygame/utils/DYExtends.lua	dygame/utils	资源/文件/时间/通用工具
lua/decompiled/src/dygame/utils/DYLang.lua	dygame/utils	资源/文件/时间/通用工具
lua/decompiled/src/dygame/utils/DYMem.lua	dygame/utils	资源/文件/时间/通用工具
lua/decompiled/src/dygame/utils/DYNotification.lua	dygame/utils	资源/文件/时间/通用工具
lua/decompiled/src/dygame/utils/DYProfile.lua	dygame/utils	资源/文件/时间/通用工具
lua/decompiled/src/dygame/utils/DYRandomSeq.lua	dygame/utils	资源/文件/时间/通用工具
lua/decompiled/src/dygame/utils/DYRes.lua	dygame/utils	资源/文件/时间/通用工具
lua/decompiled/src/dygame/utils/DYResolution.lua	dygame/utils	资源/文件/时间/通用工具
lua/decompiled/src/dygame/utils/DYSprite.lua	dygame/utils	资源/文件/时间/通用工具
lua/decompiled/src/dygame/utils/DYStack.lua	dygame/utils	资源/文件/时间/通用工具
lua/decompiled/src/dygame/utils/DYStat.lua	dygame/utils	资源/文件/时间/通用工具
lua/decompiled/src/dygame/utils/DYUtils.lua	dygame/utils	资源/文件/时间/通用工具
lua/decompiled/src/framework/anysdkConst.lua	framework	Lua框架
lua/decompiled/src/framework/audio.lua	framework	Lua框架
lua/decompiled/src/framework/cc/EventProxy.lua	framework/cc	Lua框架
lua/decompiled/src/framework/cc/GameObject.lua	framework/cc	Lua框架
lua/decompiled/src/framework/cc/Registry.lua	framework/cc	Lua框架
lua/decompiled/src/framework/cc/components/Component.lua	framework/cc	Lua框架
lua/decompiled/src/framework/cc/components/behavior/EventProtocol.lua	framework/cc	Lua框架
lua/decompiled/src/framework/cc/components/behavior/StateMachine.lua	framework/cc	Lua框架
lua/decompiled/src/framework/cc/components/ui/BasicLayoutProtocol.lua	framework/cc	Lua框架
lua/decompiled/src/framework/cc/components/ui/DraggableProtocol.lua	framework/cc	Lua框架
lua/decompiled/src/framework/cc/components/ui/LayoutProtocol.lua	framework/cc	Lua框架
lua/decompiled/src/framework/cc/init.lua	framework/cc	Lua框架
lua/decompiled/src/framework/cc/mvc/AppBase.lua	framework/cc	Lua框架
lua/decompiled/src/framework/cc/mvc/ModelBase.lua	framework/cc	Lua框架
lua/decompiled/src/framework/cc/mvc/init.lua	framework/cc	Lua框架
lua/decompiled/src/framework/cc/net/SocketTCP.lua	framework/cc	Lua框架
lua/decompiled/src/framework/cc/net/init.lua	framework/cc	Lua框架
lua/decompiled/src/framework/cc/sdk/Store.lua	framework/cc	Lua框架
lua/decompiled/src/framework/cc/ui/UIBoxLayout.lua	framework/cc	Lua框架
lua/decompiled/src/framework/cc/ui/UIButton.lua	framework/cc	Lua框架
lua/decompiled/src/framework/cc/ui/UICheckBoxButton.lua	framework/cc	Lua框架
lua/decompiled/src/framework/cc/ui/UICheckBoxButtonGroup.lua	framework/cc	Lua框架
lua/decompiled/src/framework/cc/ui/UIGroup.lua	framework/cc	Lua框架
lua/decompiled/src/framework/cc/ui/UIImage.lua	framework/cc	Lua框架
lua/decompiled/src/framework/cc/ui/UIInput.lua	framework/cc	Lua框架
lua/decompiled/src/framework/cc/ui/UILabel.lua	framework/cc	Lua框架
lua/decompiled/src/framework/cc/ui/UILayout.lua	framework/cc	Lua框架
lua/decompiled/src/framework/cc/ui/UIListView.lua	framework/cc	Lua框架
lua/decompiled/src/framework/cc/ui/UIListViewItem.lua	framework/cc	Lua框架
lua/decompiled/src/framework/cc/ui/UILoadingBar.lua	framework/cc	Lua框架
lua/decompiled/src/framework/cc/ui/UIPageView.lua	framework/cc	Lua框架
lua/decompiled/src/framework/cc/ui/UIPageViewItem.lua	framework/cc	Lua框架
lua/decompiled/src/framework/cc/ui/UIPushButton.lua	framework/cc	Lua框架
lua/decompiled/src/framework/cc/ui/UIScrollView.lua	framework/cc	Lua框架
lua/decompiled/src/framework/cc/ui/UISlider.lua	framework/cc	Lua框架
lua/decompiled/src/framework/cc/ui/UIStretch.lua	framework/cc	Lua框架
lua/decompiled/src/framework/cc/ui/init.lua	framework/cc	Lua框架
lua/decompiled/src/framework/cc/uiloader/CCSSceneLoader.lua	framework/cc	Lua框架
lua/decompiled/src/framework/cc/uiloader/CCSUILoader.lua	framework/cc	Lua框架
lua/decompiled/src/framework/cc/uiloader/UILoaderUtilitys.lua	framework/cc	Lua框架
lua/decompiled/src/framework/cc/uiloader/init.lua	framework/cc	Lua框架
lua/decompiled/src/framework/cc/uiloader/uiloader.lua	framework/cc	Lua框架
lua/decompiled/src/framework/cc/utils/ByteArray.lua	framework/cc	资源/文件/时间/通用工具
lua/decompiled/src/framework/cc/utils/ByteArrayVarint.lua	framework/cc	资源/文件/时间/通用工具
lua/decompiled/src/framework/cc/utils/GameState.lua	framework/cc	资源/文件/时间/通用工具
lua/decompiled/src/framework/cc/utils/Gettext.lua	framework/cc	资源/文件/时间/通用工具
lua/decompiled/src/framework/cc/utils/Localize.lua	framework/cc	资源/文件/时间/通用工具
lua/decompiled/src/framework/cc/utils/Timer.lua	framework/cc	资源/文件/时间/通用工具
lua/decompiled/src/framework/cc/utils/bit.lua	framework/cc	资源/文件/时间/通用工具
lua/decompiled/src/framework/cc/utils/init.lua	framework/cc	资源/文件/时间/通用工具
lua/decompiled/src/framework/cocos2dx.lua	framework	Lua框架
lua/decompiled/src/framework/cocos2dx/ActionEx.lua	framework/cocos2dx	Lua框架
lua/decompiled/src/framework/cocos2dx/Cocos2d.lua	framework/cocos2dx	Lua框架
lua/decompiled/src/framework/cocos2dx/Cocos2dConstants.lua	framework/cocos2dx	Lua框架
lua/decompiled/src/framework/cocos2dx/DrawNodeEx.lua	framework/cocos2dx	Lua框架
lua/decompiled/src/framework/cocos2dx/Event.lua	framework/cocos2dx	Lua框架
lua/decompiled/src/framework/cocos2dx/NodeEx.lua	framework/cocos2dx	Lua框架
lua/decompiled/src/framework/cocos2dx/OpenglConstants.lua	framework/cocos2dx	Lua框架
lua/decompiled/src/framework/cocos2dx/SceneEx.lua	framework/cocos2dx	Lua框架
lua/decompiled/src/framework/cocos2dx/SpriteEx.lua	framework/cocos2dx	Lua框架
lua/decompiled/src/framework/cocos2dx/StudioConstants.lua	framework/cocos2dx	Lua框架
lua/decompiled/src/framework/crypto.lua	framework	Lua框架
lua/decompiled/src/framework/debug.lua	framework	Lua框架
lua/decompiled/src/framework/deprecated/deprecated_functions.lua	framework/deprecated	Lua框架
lua/decompiled/src/framework/device.lua	framework	Lua框架
lua/decompiled/src/framework/display.lua	framework	Lua框架
lua/decompiled/src/framework/filter.lua	framework	Lua框架
lua/decompiled/src/framework/functions.lua	framework	Lua框架
lua/decompiled/src/framework/global.lua	framework	Lua框架
lua/decompiled/src/framework/init.lua	framework	Lua框架
lua/decompiled/src/framework/json.lua	framework	Lua框架
lua/decompiled/src/framework/luaj.lua	framework	Lua框架
lua/decompiled/src/framework/luaoc.lua	framework	Lua框架
lua/decompiled/src/framework/network.lua	framework	Lua框架
lua/decompiled/src/framework/platform/android.lua	framework/platform	Lua框架
lua/decompiled/src/framework/platform/ios.lua	framework/platform	Lua框架
lua/decompiled/src/framework/platform/mac.lua	framework/platform	Lua框架
lua/decompiled/src/framework/scheduler.lua	framework	Lua框架
lua/decompiled/src/framework/shortcodes.lua	framework	Lua框架
lua/decompiled/src/framework/transition.lua	framework	Lua框架
lua/decompiled/src/framework/ui.lua	framework	Lua框架
lua/decompiled/src/main.lua	main.lua	Lua 5.1 模块
